,course_id,theme_id,user_id,problem_duration_graded,problem_duration_ungraded,messagiesNum,video_duration
87,course-v1:spbu+SOCLAB+spring_2018,27688ee203c144bb83cff0cceab9a483,22331,35440.046632,0.0,0,0.0
88,course-v1:spbu+SOCLAB+spring_2018,27688ee203c144bb83cff0cceab9a483,28864,64195.87142099999,0.0,0,0.0
89,course-v1:spbu+SOCLAB+spring_2018,27688ee203c144bb83cff0cceab9a483,56215,639.887342,0.0,0,0.0
90,course-v1:spbu+SOCLAB+spring_2018,27688ee203c144bb83cff0cceab9a483,237133,1802.621242,0.0,0,0.0
91,course-v1:spbu+SOCLAB+spring_2018,27688ee203c144bb83cff0cceab9a483,243054,1068.257246,0.0,0,0.0
92,course-v1:spbu+SOCLAB+spring_2018,27688ee203c144bb83cff0cceab9a483,259731,107313.195416,0.0,0,0.0
93,course-v1:spbu+SOCLAB+spring_2018,27688ee203c144bb83cff0cceab9a483,394310,27.985033,0.0,0,0.0
94,course-v1:spbu+SOCLAB+spring_2018,27688ee203c144bb83cff0cceab9a483,444404,17720.023316,0.0,0,0.0
95,course-v1:spbu+SOCLAB+spring_2018,27688ee203c144bb83cff0cceab9a483,467046,160675.76796,0.0,0,0.0
96,course-v1:spbu+SOCLAB+spring_2018,27688ee203c144bb83cff0cceab9a483,486614,53212.187574,0.0,0,0.0
97,course-v1:spbu+SOCLAB+spring_2018,27688ee203c144bb83cff0cceab9a483,493875,13889.233462,0.0,0,0.0
98,course-v1:spbu+SOCLAB+spring_2018,27688ee203c144bb83cff0cceab9a483,554852,118137.32351799999,0.0,0,0.0
99,course-v1:spbu+SOCLAB+spring_2018,27688ee203c144bb83cff0cceab9a483,559517,191943.89158,0.0,0,0.0
100,course-v1:spbu+SOCLAB+spring_2018,27688ee203c144bb83cff0cceab9a483,559616,1680.223856,0.0,0,0.0
101,course-v1:spbu+SOCLAB+spring_2018,27688ee203c144bb83cff0cceab9a483,595666,575831.67474,0.0,0,0.0
120,course-v1:spbu+SOCLAB+spring_2018,6a2492000afc4074b8e4a64c42a08820,22331,36.036204,36.036204,0,1418.601721
121,course-v1:spbu+SOCLAB+spring_2018,6a2492000afc4074b8e4a64c42a08820,28864,135.135765,171.637052,0,1114.918049
122,course-v1:spbu+SOCLAB+spring_2018,6a2492000afc4074b8e4a64c42a08820,48168,18.018102,42.909263,0,0.0
123,course-v1:spbu+SOCLAB+spring_2018,6a2492000afc4074b8e4a64c42a08820,56215,126.12671399999999,11.400057,0,1412.352582
124,course-v1:spbu+SOCLAB+spring_2018,6a2492000afc4074b8e4a64c42a08820,154690,36.036204,36.036204,0,0.0
125,course-v1:spbu+SOCLAB+spring_2018,6a2492000afc4074b8e4a64c42a08820,185925,18.018102,42.909263,0,0.0
126,course-v1:spbu+SOCLAB+spring_2018,6a2492000afc4074b8e4a64c42a08820,237133,45.045255,301.724792,0,539.46038
127,course-v1:spbu+SOCLAB+spring_2018,6a2492000afc4074b8e4a64c42a08820,259731,99.099561,137.73684,0,17.765372
128,course-v1:spbu+SOCLAB+spring_2018,6a2492000afc4074b8e4a64c42a08820,350494,18.018102,462.099692,0,852.2806210000001
129,course-v1:spbu+SOCLAB+spring_2018,6a2492000afc4074b8e4a64c42a08820,444404,18.018102,168.739474,0,0.0
130,course-v1:spbu+SOCLAB+spring_2018,6a2492000afc4074b8e4a64c42a08820,595666,72.072408,155.754942,0,760.485287
186,course-v1:spbu+SOCLAB+spring_2018,939b37206e654f35ae914dd632a9223e,22331,29.679214,0.0,0,1416.210707
187,course-v1:spbu+SOCLAB+spring_2018,939b37206e654f35ae914dd632a9223e,28864,14.839607,0.0,0,0.0
188,course-v1:spbu+SOCLAB+spring_2018,939b37206e654f35ae914dd632a9223e,48168,14.839607,0.0,0,0.0
189,course-v1:spbu+SOCLAB+spring_2018,939b37206e654f35ae914dd632a9223e,56215,29.679214,0.0,0,1408.763396
190,course-v1:spbu+SOCLAB+spring_2018,939b37206e654f35ae914dd632a9223e,185925,14.839607,0.0,0,0.0
191,course-v1:spbu+SOCLAB+spring_2018,939b37206e654f35ae914dd632a9223e,237133,29.679214,0.0,0,939.65424
192,course-v1:spbu+SOCLAB+spring_2018,939b37206e654f35ae914dd632a9223e,259731,29.679214,0.0,0,0.0
193,course-v1:spbu+SOCLAB+spring_2018,939b37206e654f35ae914dd632a9223e,350494,14.839607,0.0,0,448.834739
194,course-v1:spbu+SOCLAB+spring_2018,939b37206e654f35ae914dd632a9223e,444404,14.839607,0.0,0,0.0
206,course-v1:spbu+SOCLAB+spring_2018,c1974eb7d4e94e32be5662c18c100602,22331,69.55831,59.358428,0,1234.164369
207,course-v1:spbu+SOCLAB+spring_2018,c1974eb7d4e94e32be5662c18c100602,28864,34.779155,29.679214,0,0.0
208,course-v1:spbu+SOCLAB+spring_2018,c1974eb7d4e94e32be5662c18c100602,48168,69.55831,74.65825099999999,0,0.0
209,course-v1:spbu+SOCLAB+spring_2018,c1974eb7d4e94e32be5662c18c100602,56215,273.13329899999997,123.81679700000001,0,1240.461745
210,course-v1:spbu+SOCLAB+spring_2018,c1974eb7d4e94e32be5662c18c100602,154690,29.679214,59.358428,0,211.432302
211,course-v1:spbu+SOCLAB+spring_2018,c1974eb7d4e94e32be5662c18c100602,185925,34.779155,29.679214,0,0.0
212,course-v1:spbu+SOCLAB+spring_2018,c1974eb7d4e94e32be5662c18c100602,237133,49.618762000000004,44.518821,0,523.416167
213,course-v1:spbu+SOCLAB+spring_2018,c1974eb7d4e94e32be5662c18c100602,259731,104.337465,59.358428,0,15.20597
214,course-v1:spbu+SOCLAB+spring_2018,c1974eb7d4e94e32be5662c18c100602,350494,34.779155,34.779155,0,505.239417
215,course-v1:spbu+SOCLAB+spring_2018,c1974eb7d4e94e32be5662c18c100602,444404,34.779155,34.779155,0,0.0
216,course-v1:spbu+SOCLAB+spring_2018,c1974eb7d4e94e32be5662c18c100602,595666,39.879096,29.679214,0,0.0
228,course-v1:spbu+SOCLAB+spring_2018,c2a53370f5e44301918c551b8bb2f17c,22331,342.241064,0.0,0,0.0
229,course-v1:spbu+SOCLAB+spring_2018,c2a53370f5e44301918c551b8bb2f17c,28864,450660.456324,0.0,0,0.0
230,course-v1:spbu+SOCLAB+spring_2018,c2a53370f5e44301918c551b8bb2f17c,56215,25366.03004,0.0,0,0.0
231,course-v1:spbu+SOCLAB+spring_2018,c2a53370f5e44301918c551b8bb2f17c,237133,17696.902569,0.0,0,0.0
232,course-v1:spbu+SOCLAB+spring_2018,c2a53370f5e44301918c551b8bb2f17c,243054,1956525.961852,0.0,0,0.0
233,course-v1:spbu+SOCLAB+spring_2018,c2a53370f5e44301918c551b8bb2f17c,259731,1249.675768,0.0,0,0.0
234,course-v1:spbu+SOCLAB+spring_2018,c2a53370f5e44301918c551b8bb2f17c,350494,3067.461273,0.0,0,0.0
235,course-v1:spbu+SOCLAB+spring_2018,c2a53370f5e44301918c551b8bb2f17c,393700,171.120532,0.0,0,0.0
236,course-v1:spbu+SOCLAB+spring_2018,c2a53370f5e44301918c551b8bb2f17c,394310,342.241064,0.0,0,0.0
237,course-v1:spbu+SOCLAB+spring_2018,c2a53370f5e44301918c551b8bb2f17c,444404,9217.849112,0.0,0,0.0
238,course-v1:spbu+SOCLAB+spring_2018,c2a53370f5e44301918c551b8bb2f17c,467046,1368.9642559999998,0.0,0,0.0
239,course-v1:spbu+SOCLAB+spring_2018,c2a53370f5e44301918c551b8bb2f17c,486614,48568.85057700002,0.0,0,0.0
240,course-v1:spbu+SOCLAB+spring_2018,c2a53370f5e44301918c551b8bb2f17c,492510,4940502.618179,0.0,0,0.0
241,course-v1:spbu+SOCLAB+spring_2018,c2a53370f5e44301918c551b8bb2f17c,493875,226616.0789600001,0.0,0,0.0
242,course-v1:spbu+SOCLAB+spring_2018,c2a53370f5e44301918c551b8bb2f17c,554852,2737.928511999999,0.0,0,0.0
243,course-v1:spbu+SOCLAB+spring_2018,c2a53370f5e44301918c551b8bb2f17c,559517,684.482128,0.0,0,0.0
244,course-v1:spbu+SOCLAB+spring_2018,c2a53370f5e44301918c551b8bb2f17c,559616,8429.075487,0.0,0,0.0
245,course-v1:spbu+SOCLAB+spring_2018,c2a53370f5e44301918c551b8bb2f17c,583886,18210.264165000004,0.0,0,0.0
246,course-v1:spbu+SOCLAB+spring_2018,c2a53370f5e44301918c551b8bb2f17c,595666,129793.75738399998,0.0,0,0.0
278,course-v1:spbu+SOCLAB+spring_2018,fdeba2be3e3f45c3bb8fbd1c01f41d2d,22331,57.897198,57.897198,0,1294.2906619999999
279,course-v1:spbu+SOCLAB+spring_2018,fdeba2be3e3f45c3bb8fbd1c01f41d2d,28864,57.897198,0.0,0,0.0
280,course-v1:spbu+SOCLAB+spring_2018,fdeba2be3e3f45c3bb8fbd1c01f41d2d,48168,48.888147,726.999171,0,0.0
281,course-v1:spbu+SOCLAB+spring_2018,fdeba2be3e3f45c3bb8fbd1c01f41d2d,56215,338.374137,48.888147,0,1293.36282
282,course-v1:spbu+SOCLAB+spring_2018,fdeba2be3e3f45c3bb8fbd1c01f41d2d,154690,39.879096,39.879096,0,0.0
283,course-v1:spbu+SOCLAB+spring_2018,fdeba2be3e3f45c3bb8fbd1c01f41d2d,185925,28.948598999999998,28.948598999999998,0,0.0
284,course-v1:spbu+SOCLAB+spring_2018,fdeba2be3e3f45c3bb8fbd1c01f41d2d,237133,97.77629400000001,1812.993402,0,450.108581
285,course-v1:spbu+SOCLAB+spring_2018,fdeba2be3e3f45c3bb8fbd1c01f41d2d,259731,124.803447,86.845797,0,0.0
286,course-v1:spbu+SOCLAB+spring_2018,fdeba2be3e3f45c3bb8fbd1c01f41d2d,350494,28.948598999999998,736.008222,0,177.6232
287,course-v1:spbu+SOCLAB+spring_2018,fdeba2be3e3f45c3bb8fbd1c01f41d2d,444404,28.948598999999998,368.004111,0,0.0
288,course-v1:spbu+SOCLAB+spring_2018,fdeba2be3e3f45c3bb8fbd1c01f41d2d,595666,57.897198,377.013162,0,0.0
288,course-v1:spbu+SOCLAB+spring_2018,061d8a5b581a45dab40b1ca9405ddf5b,22331,0.0,191943.89158,0,1394.756782
288,course-v1:spbu+SOCLAB+spring_2018,061d8a5b581a45dab40b1ca9405ddf5b,48168,0.0,52.484445,0,0.0
288,course-v1:spbu+SOCLAB+spring_2018,061d8a5b581a45dab40b1ca9405ddf5b,56215,0.0,95971.94579,0,1393.770667
288,course-v1:spbu+SOCLAB+spring_2018,061d8a5b581a45dab40b1ca9405ddf5b,185925,0.0,95971.94579,0,0.0
288,course-v1:spbu+SOCLAB+spring_2018,061d8a5b581a45dab40b1ca9405ddf5b,350494,0.0,287915.83736999996,0,951.976993
288,course-v1:spbu+SOCLAB+spring_2018,061d8a5b581a45dab40b1ca9405ddf5b,444404,0.0,95971.94579,0,0.0
288,course-v1:spbu+SOCLAB+spring_2018,061d8a5b581a45dab40b1ca9405ddf5b,467046,0.0,311.888686,0,828.596773
288,course-v1:spbu+SOCLAB+spring_2018,061d8a5b581a45dab40b1ca9405ddf5b,554852,0.0,52.484445,0,0.0
288,course-v1:spbu+SOCLAB+spring_2018,061d8a5b581a45dab40b1ca9405ddf5b,559517,0.0,52.484445,0,0.0
288,course-v1:spbu+SOCLAB+spring_2018,061d8a5b581a45dab40b1ca9405ddf5b,559616,0.0,112.83178,0,0.0
288,course-v1:spbu+SOCLAB+spring_2018,061d8a5b581a45dab40b1ca9405ddf5b,583886,0.0,155.944343,0,0.0
288,course-v1:spbu+SOCLAB+spring_2018,0edf9012bff546778914358cd1e48f4e,22331,0.0,111.47714,0,1090.903062
288,course-v1:spbu+SOCLAB+spring_2018,0edf9012bff546778914358cd1e48f4e,28864,0.0,51.455148,0,0.0
288,course-v1:spbu+SOCLAB+spring_2018,0edf9012bff546778914358cd1e48f4e,48168,0.0,29.745119,0,0.0
288,course-v1:spbu+SOCLAB+spring_2018,0edf9012bff546778914358cd1e48f4e,56215,0.0,63.320486,0,1044.766211
288,course-v1:spbu+SOCLAB+spring_2018,0edf9012bff546778914358cd1e48f4e,154690,0.0,25.727574,0,910.8471999999999
288,course-v1:spbu+SOCLAB+spring_2018,0edf9012bff546778914358cd1e48f4e,185925,0.0,25.727574,0,0.0
288,course-v1:spbu+SOCLAB+spring_2018,0edf9012bff546778914358cd1e48f4e,237133,0.0,51.455148,0,744.062723
288,course-v1:spbu+SOCLAB+spring_2018,0edf9012bff546778914358cd1e48f4e,243054,0.0,358.275274,0,1454.6131560000003
288,course-v1:spbu+SOCLAB+spring_2018,0edf9012bff546778914358cd1e48f4e,259731,0.0,1980037.273552,0,836.292103
288,course-v1:spbu+SOCLAB+spring_2018,0edf9012bff546778914358cd1e48f4e,350494,0.0,55.73857,0,702.717773
288,course-v1:spbu+SOCLAB+spring_2018,0edf9012bff546778914358cd1e48f4e,444404,0.0,957.408856,0,0.0
288,course-v1:spbu+SOCLAB+spring_2018,0edf9012bff546778914358cd1e48f4e,453625,0.0,5744.453136,0,981.291416
288,course-v1:spbu+SOCLAB+spring_2018,0edf9012bff546778914358cd1e48f4e,467046,0.0,113.419172,0,1106.023549
288,course-v1:spbu+SOCLAB+spring_2018,0edf9012bff546778914358cd1e48f4e,473613,0.0,338.327459,0,0.0
288,course-v1:spbu+SOCLAB+spring_2018,0edf9012bff546778914358cd1e48f4e,486614,0.0,222.95428,0,572.519457
288,course-v1:spbu+SOCLAB+spring_2018,0edf9012bff546778914358cd1e48f4e,488714,0.0,61.740858,0,899.5839689999998
288,course-v1:spbu+SOCLAB+spring_2018,0edf9012bff546778914358cd1e48f4e,492510,0.0,36.013284,1,1068.2290600000001
288,course-v1:spbu+SOCLAB+spring_2018,0edf9012bff546778914358cd1e48f4e,493875,0.0,77.182722,0,251.812401
288,course-v1:spbu+SOCLAB+spring_2018,0edf9012bff546778914358cd1e48f4e,554852,0.0,102.31979700000001,0,379.043307
288,course-v1:spbu+SOCLAB+spring_2018,0edf9012bff546778914358cd1e48f4e,559517,0.0,178.470714,0,100.857258
288,course-v1:spbu+SOCLAB+spring_2018,0edf9012bff546778914358cd1e48f4e,559616,0.0,105.699274,0,0.0
288,course-v1:spbu+SOCLAB+spring_2018,0edf9012bff546778914358cd1e48f4e,583886,0.0,563.813145,0,0.0
288,course-v1:spbu+SOCLAB+spring_2018,0edf9012bff546778914358cd1e48f4e,595666,0.0,338.327459,0,2107.2599530000007
288,course-v1:spbu+SOCLAB+spring_2018,1434b8d53d444779bc7e5be81a70575b,22331,0.0,73.92123,0,2322.840424
288,course-v1:spbu+SOCLAB+spring_2018,1434b8d53d444779bc7e5be81a70575b,48168,0.0,26.058813,0,0.0
288,course-v1:spbu+SOCLAB+spring_2018,1434b8d53d444779bc7e5be81a70575b,56215,0.0,36.960615,0,2300.712825
288,course-v1:spbu+SOCLAB+spring_2018,1434b8d53d444779bc7e5be81a70575b,185925,0.0,36.960615,0,0.0
288,course-v1:spbu+SOCLAB+spring_2018,1434b8d53d444779bc7e5be81a70575b,237133,0.0,73.92123,0,1541.8314030000001
288,course-v1:spbu+SOCLAB+spring_2018,1434b8d53d444779bc7e5be81a70575b,350494,0.0,95.946548,0,1682.7334889999995
288,course-v1:spbu+SOCLAB+spring_2018,1434b8d53d444779bc7e5be81a70575b,444404,0.0,36.960615,0,0.0
288,course-v1:spbu+SOCLAB+spring_2018,1434b8d53d444779bc7e5be81a70575b,467046,0.0,9.041582,0,2262.729155
288,course-v1:spbu+SOCLAB+spring_2018,1434b8d53d444779bc7e5be81a70575b,554852,0.0,36.122557,0,0.0
288,course-v1:spbu+SOCLAB+spring_2018,1434b8d53d444779bc7e5be81a70575b,559517,0.0,26.058813,0,0.0
288,course-v1:spbu+SOCLAB+spring_2018,1434b8d53d444779bc7e5be81a70575b,559616,0.0,117.971866,0,0.0
288,course-v1:spbu+SOCLAB+spring_2018,1434b8d53d444779bc7e5be81a70575b,583886,0.0,4.520791,0,0.0
288,course-v1:spbu+SOCLAB+spring_2018,1434b8d53d444779bc7e5be81a70575b,595666,0.0,58.985933,0,2404.222765
288,course-v1:spbu+SOCLAB+spring_2018,1941ebda9cf74588a4a381f326435c3c,22331,0.0,509.681056,0,1626.237047
288,course-v1:spbu+SOCLAB+spring_2018,1941ebda9cf74588a4a381f326435c3c,28864,0.0,546.98322,0,486.403637
288,course-v1:spbu+SOCLAB+spring_2018,1941ebda9cf74588a4a381f326435c3c,48168,0.0,38.817713,0,0.0
288,course-v1:spbu+SOCLAB+spring_2018,1941ebda9cf74588a4a381f326435c3c,56215,0.0,254.840528,0,1321.2260469999999
288,course-v1:spbu+SOCLAB+spring_2018,1941ebda9cf74588a4a381f326435c3c,185925,0.0,254.840528,0,0.0
288,course-v1:spbu+SOCLAB+spring_2018,1941ebda9cf74588a4a381f326435c3c,237133,0.0,197884.50272699998,0,927.600534
288,course-v1:spbu+SOCLAB+spring_2018,1941ebda9cf74588a4a381f326435c3c,243054,0.0,509.681056,0,3389.360494
288,course-v1:spbu+SOCLAB+spring_2018,1941ebda9cf74588a4a381f326435c3c,259731,0.0,74.604328,0,0.0
288,course-v1:spbu+SOCLAB+spring_2018,1941ebda9cf74588a4a381f326435c3c,350494,0.0,254.840528,0,925.4841789999999
288,course-v1:spbu+SOCLAB+spring_2018,1941ebda9cf74588a4a381f326435c3c,444404,0.0,37.302164,0,0.0
288,course-v1:spbu+SOCLAB+spring_2018,1941ebda9cf74588a4a381f326435c3c,453625,0.0,329.444856,0,589.8890760000002
288,course-v1:spbu+SOCLAB+spring_2018,1941ebda9cf74588a4a381f326435c3c,467046,0.0,30.79029,0,1247.0598269999998
288,course-v1:spbu+SOCLAB+spring_2018,1941ebda9cf74588a4a381f326435c3c,486614,0.0,254.840528,0,2037.4433059999997
288,course-v1:spbu+SOCLAB+spring_2018,1941ebda9cf74588a4a381f326435c3c,488714,0.0,98703.131012,0,1073.824182
288,course-v1:spbu+SOCLAB+spring_2018,1941ebda9cf74588a4a381f326435c3c,492510,0.0,296109.39303599996,1,1393.500763
288,course-v1:spbu+SOCLAB+spring_2018,1941ebda9cf74588a4a381f326435c3c,554852,0.0,37.302164,0,0.0
288,course-v1:spbu+SOCLAB+spring_2018,1941ebda9cf74588a4a381f326435c3c,559517,0.0,77.635426,0,0.0
288,course-v1:spbu+SOCLAB+spring_2018,1941ebda9cf74588a4a381f326435c3c,559616,0.0,179.599656,0,0.0
288,course-v1:spbu+SOCLAB+spring_2018,1941ebda9cf74588a4a381f326435c3c,583886,0.0,156.417325,0,0.0
288,course-v1:spbu+SOCLAB+spring_2018,1941ebda9cf74588a4a381f326435c3c,595666,0.0,956.481406,0,29274.941851000003
288,course-v1:spbu+SOCLAB+spring_2018,1a17d645abe24d679ca25460fb6198bf,22331,0.0,54.314574,0,2402.473549
288,course-v1:spbu+SOCLAB+spring_2018,1a17d645abe24d679ca25460fb6198bf,28864,0.0,27.157287,0,1324.7112499999996
288,course-v1:spbu+SOCLAB+spring_2018,1a17d645abe24d679ca25460fb6198bf,48168,0.0,136.214975,0,0.0
288,course-v1:spbu+SOCLAB+spring_2018,1a17d645abe24d679ca25460fb6198bf,56215,0.0,206.432924,0,2348.7738719999998
288,course-v1:spbu+SOCLAB+spring_2018,1a17d645abe24d679ca25460fb6198bf,185925,0.0,27.157287,0,0.0
288,course-v1:spbu+SOCLAB+spring_2018,1a17d645abe24d679ca25460fb6198bf,237133,0.0,27.157287,0,2856.238383
288,course-v1:spbu+SOCLAB+spring_2018,1a17d645abe24d679ca25460fb6198bf,243054,0.0,206.432924,0,2785.2475399999994
288,course-v1:spbu+SOCLAB+spring_2018,1a17d645abe24d679ca25460fb6198bf,259731,0.0,0.0,0,0.0
288,course-v1:spbu+SOCLAB+spring_2018,1a17d645abe24d679ca25460fb6198bf,350494,0.0,206.432924,0,1123.808423
288,course-v1:spbu+SOCLAB+spring_2018,1a17d645abe24d679ca25460fb6198bf,444404,0.0,206.432924,0,0.0
288,course-v1:spbu+SOCLAB+spring_2018,1a17d645abe24d679ca25460fb6198bf,467046,0.0,54.314574,0,2029.5370740000003
288,course-v1:spbu+SOCLAB+spring_2018,1a17d645abe24d679ca25460fb6198bf,486614,0.0,54.314574,0,1795.124785
288,course-v1:spbu+SOCLAB+spring_2018,1a17d645abe24d679ca25460fb6198bf,488714,0.0,54.314574,0,2723.626668
288,course-v1:spbu+SOCLAB+spring_2018,1a17d645abe24d679ca25460fb6198bf,492510,0.0,133.257986,1,2342.051414
288,course-v1:spbu+SOCLAB+spring_2018,1a17d645abe24d679ca25460fb6198bf,493875,0.0,0.0,2,260.868433
288,course-v1:spbu+SOCLAB+spring_2018,1a17d645abe24d679ca25460fb6198bf,554852,0.0,1899.601148,0,0.0
288,course-v1:spbu+SOCLAB+spring_2018,1a17d645abe24d679ca25460fb6198bf,559517,0.0,136.214975,0,0.0
288,course-v1:spbu+SOCLAB+spring_2018,1a17d645abe24d679ca25460fb6198bf,559616,0.0,1202.644125,0,0.0
288,course-v1:spbu+SOCLAB+spring_2018,1a17d645abe24d679ca25460fb6198bf,583886,0.0,272.42995,0,0.0
288,course-v1:spbu+SOCLAB+spring_2018,1a17d645abe24d679ca25460fb6198bf,595666,0.0,136.214975,0,2361.0763859999997
288,course-v1:spbu+SOCLAB+spring_2018,34c886e366fa4ab7b6209486bff7b0d6,22331,0.0,43.895402,0,1674.8444670000001
288,course-v1:spbu+SOCLAB+spring_2018,34c886e366fa4ab7b6209486bff7b0d6,48168,0.0,1629.982652,0,1.893551
288,course-v1:spbu+SOCLAB+spring_2018,34c886e366fa4ab7b6209486bff7b0d6,56215,0.0,37.505438,0,1098.648496
288,course-v1:spbu+SOCLAB+spring_2018,34c886e366fa4ab7b6209486bff7b0d6,185925,0.0,236.371424,0,0.0
288,course-v1:spbu+SOCLAB+spring_2018,34c886e366fa4ab7b6209486bff7b0d6,237133,0.0,43.895402,0,906.6915160000001
288,course-v1:spbu+SOCLAB+spring_2018,34c886e366fa4ab7b6209486bff7b0d6,243054,0.0,100.156449,0,1607.4743049999997
288,course-v1:spbu+SOCLAB+spring_2018,34c886e366fa4ab7b6209486bff7b0d6,259731,0.0,336.527873,0,0.0
288,course-v1:spbu+SOCLAB+spring_2018,34c886e366fa4ab7b6209486bff7b0d6,350494,0.0,37.505438,0,895.603938
288,course-v1:spbu+SOCLAB+spring_2018,34c886e366fa4ab7b6209486bff7b0d6,444404,0.0,37.505438,0,0.0
288,course-v1:spbu+SOCLAB+spring_2018,34c886e366fa4ab7b6209486bff7b0d6,467046,0.0,43.895402,0,1363.4307119999999
288,course-v1:spbu+SOCLAB+spring_2018,34c886e366fa4ab7b6209486bff7b0d6,486614,0.0,21.947701,0,991.6377829999999
288,course-v1:spbu+SOCLAB+spring_2018,34c886e366fa4ab7b6209486bff7b0d6,492510,0.0,150.021752,0,1027.2827379999999
288,course-v1:spbu+SOCLAB+spring_2018,34c886e366fa4ab7b6209486bff7b0d6,493875,0.0,136.214975,0,0.0
288,course-v1:spbu+SOCLAB+spring_2018,34c886e366fa4ab7b6209486bff7b0d6,554852,0.0,1629.982652,0,0.0
288,course-v1:spbu+SOCLAB+spring_2018,34c886e366fa4ab7b6209486bff7b0d6,559517,0.0,1629.982652,0,0.0
288,course-v1:spbu+SOCLAB+spring_2018,34c886e366fa4ab7b6209486bff7b0d6,559616,0.0,112.234984,0,0.0
288,course-v1:spbu+SOCLAB+spring_2018,34c886e366fa4ab7b6209486bff7b0d6,583886,0.0,63.138984,0,0.0
288,course-v1:spbu+SOCLAB+spring_2018,34c886e366fa4ab7b6209486bff7b0d6,595666,0.0,135.78879,0,1027.277083
288,course-v1:spbu+SOCLAB+spring_2018,6cfbaccd1a0040b387e9a7ed8b4054c7,22331,0.0,51.988808,0,495.924257
288,course-v1:spbu+SOCLAB+spring_2018,6cfbaccd1a0040b387e9a7ed8b4054c7,28864,0.0,6079074.313612,0,590.222564
288,course-v1:spbu+SOCLAB+spring_2018,6cfbaccd1a0040b387e9a7ed8b4054c7,48168,0.0,25.994404,0,0.0
288,course-v1:spbu+SOCLAB+spring_2018,6cfbaccd1a0040b387e9a7ed8b4054c7,56215,0.0,3039537.156806,0,495.521685
288,course-v1:spbu+SOCLAB+spring_2018,6cfbaccd1a0040b387e9a7ed8b4054c7,154690,0.0,51.988808,0,0.0
288,course-v1:spbu+SOCLAB+spring_2018,6cfbaccd1a0040b387e9a7ed8b4054c7,237133,0.0,25.994404,0,28.93458
288,course-v1:spbu+SOCLAB+spring_2018,6cfbaccd1a0040b387e9a7ed8b4054c7,350494,0.0,3039537.156806,0,330.19129300000003
288,course-v1:spbu+SOCLAB+spring_2018,6cfbaccd1a0040b387e9a7ed8b4054c7,444404,0.0,3039537.156806,0,0.0
288,course-v1:spbu+SOCLAB+spring_2018,6cfbaccd1a0040b387e9a7ed8b4054c7,467046,0.0,6079074.313612,0,495.906043
288,course-v1:spbu+SOCLAB+spring_2018,6cfbaccd1a0040b387e9a7ed8b4054c7,554852,0.0,25.994404,0,0.0
288,course-v1:spbu+SOCLAB+spring_2018,6cfbaccd1a0040b387e9a7ed8b4054c7,559517,0.0,25.994404,0,0.0
288,course-v1:spbu+SOCLAB+spring_2018,6cfbaccd1a0040b387e9a7ed8b4054c7,583886,0.0,25.994404,0,0.0
288,course-v1:spbu+SOCLAB+spring_2018,6cfbaccd1a0040b387e9a7ed8b4054c7,595666,0.0,3039537.156806,0,522.729625
288,course-v1:spbu+SOCLAB+spring_2018,748f4844d7eb4c1ca7ae5d860abdd065,22331,0.0,39.128208,0,875.07989
288,course-v1:spbu+SOCLAB+spring_2018,748f4844d7eb4c1ca7ae5d860abdd065,28864,0.0,0.0,0,957.8703890000002
288,course-v1:spbu+SOCLAB+spring_2018,748f4844d7eb4c1ca7ae5d860abdd065,56215,0.0,0.0,0,872.972295
288,course-v1:spbu+SOCLAB+spring_2018,748f4844d7eb4c1ca7ae5d860abdd065,154690,0.0,39.128208,0,0.0
288,course-v1:spbu+SOCLAB+spring_2018,748f4844d7eb4c1ca7ae5d860abdd065,237133,0.0,19.564104,0,583.550713
288,course-v1:spbu+SOCLAB+spring_2018,748f4844d7eb4c1ca7ae5d860abdd065,350494,0.0,0.0,0,576.53877
288,course-v1:spbu+SOCLAB+spring_2018,748f4844d7eb4c1ca7ae5d860abdd065,444404,0.0,0.0,0,0.0
288,course-v1:spbu+SOCLAB+spring_2018,748f4844d7eb4c1ca7ae5d860abdd065,467046,0.0,0.0,0,873.6710899999999
288,course-v1:spbu+SOCLAB+spring_2018,748f4844d7eb4c1ca7ae5d860abdd065,554852,0.0,19.564104,0,0.0
288,course-v1:spbu+SOCLAB+spring_2018,748f4844d7eb4c1ca7ae5d860abdd065,559517,0.0,19.564104,0,0.0
288,course-v1:spbu+SOCLAB+spring_2018,92dc03a5e8f1422c86b7ad2027051370,22331,0.0,90.48045,0,368.76567
288,course-v1:spbu+SOCLAB+spring_2018,92dc03a5e8f1422c86b7ad2027051370,28864,0.0,52.339407,0,398.27137899999997
288,course-v1:spbu+SOCLAB+spring_2018,92dc03a5e8f1422c86b7ad2027051370,48168,0.0,3.461323,0,0.0
288,course-v1:spbu+SOCLAB+spring_2018,92dc03a5e8f1422c86b7ad2027051370,56215,0.0,9.793041,0,348.524946
288,course-v1:spbu+SOCLAB+spring_2018,92dc03a5e8f1422c86b7ad2027051370,185925,0.0,45.240225,0,0.0
288,course-v1:spbu+SOCLAB+spring_2018,92dc03a5e8f1422c86b7ad2027051370,237133,0.0,493.195282,0,240.095359
288,course-v1:spbu+SOCLAB+spring_2018,92dc03a5e8f1422c86b7ad2027051370,243054,0.0,135.720675,0,505.197315
288,course-v1:spbu+SOCLAB+spring_2018,92dc03a5e8f1422c86b7ad2027051370,259731,0.0,39.172164,0,0.0
288,course-v1:spbu+SOCLAB+spring_2018,92dc03a5e8f1422c86b7ad2027051370,350494,0.0,66.31524,0,240.374494
288,course-v1:spbu+SOCLAB+spring_2018,92dc03a5e8f1422c86b7ad2027051370,444404,0.0,162.479306,0,0.0
288,course-v1:spbu+SOCLAB+spring_2018,92dc03a5e8f1422c86b7ad2027051370,453625,0.0,21.384798,0,209.01215200000001
288,course-v1:spbu+SOCLAB+spring_2018,92dc03a5e8f1422c86b7ad2027051370,467046,0.0,52.682424,0,366.199797
288,course-v1:spbu+SOCLAB+spring_2018,92dc03a5e8f1422c86b7ad2027051370,486614,0.0,198.94572,0,290.254627
288,course-v1:spbu+SOCLAB+spring_2018,92dc03a5e8f1422c86b7ad2027051370,488714,0.0,225.791807,0,361.978408
288,course-v1:spbu+SOCLAB+spring_2018,92dc03a5e8f1422c86b7ad2027051370,492510,0.0,218.663541,0,197.852597
288,course-v1:spbu+SOCLAB+spring_2018,92dc03a5e8f1422c86b7ad2027051370,493875,0.0,90.48045,0,365.945735
288,course-v1:spbu+SOCLAB+spring_2018,92dc03a5e8f1422c86b7ad2027051370,554852,0.0,14.256532,0,672.593221
288,course-v1:spbu+SOCLAB+spring_2018,92dc03a5e8f1422c86b7ad2027051370,559517,0.0,10.383969,0,0.0
288,course-v1:spbu+SOCLAB+spring_2018,92dc03a5e8f1422c86b7ad2027051370,559616,0.0,85.375724,0,408.24402100000003
288,course-v1:spbu+SOCLAB+spring_2018,92dc03a5e8f1422c86b7ad2027051370,583886,0.0,43.36449,0,0.0
288,course-v1:spbu+SOCLAB+spring_2018,92dc03a5e8f1422c86b7ad2027051370,595666,0.0,55.8682,0,365.56461
288,course-v1:spbu+SOCLAB+spring_2018,b2f78b1f662e4c24952c207d54bf7b9e,22331,0.0,6079128.882130001,0,1380.035653
288,course-v1:spbu+SOCLAB+spring_2018,b2f78b1f662e4c24952c207d54bf7b9e,28864,0.0,19.564104,0,875.377917
288,course-v1:spbu+SOCLAB+spring_2018,b2f78b1f662e4c24952c207d54bf7b9e,48168,0.0,3039537.156806,0,0.0
288,course-v1:spbu+SOCLAB+spring_2018,b2f78b1f662e4c24952c207d54bf7b9e,56215,0.0,19.564104,0,924.535903
288,course-v1:spbu+SOCLAB+spring_2018,b2f78b1f662e4c24952c207d54bf7b9e,154690,0.0,6079074.313612,0,341.737943
288,course-v1:spbu+SOCLAB+spring_2018,b2f78b1f662e4c24952c207d54bf7b9e,237133,0.0,27.284259,0,617.022322
288,course-v1:spbu+SOCLAB+spring_2018,b2f78b1f662e4c24952c207d54bf7b9e,350494,0.0,19.564104,0,605.890391
288,course-v1:spbu+SOCLAB+spring_2018,b2f78b1f662e4c24952c207d54bf7b9e,444404,0.0,19.564104,0,0.0
288,course-v1:spbu+SOCLAB+spring_2018,b2f78b1f662e4c24952c207d54bf7b9e,467046,0.0,19.564104,0,72.560714
288,course-v1:spbu+SOCLAB+spring_2018,b2f78b1f662e4c24952c207d54bf7b9e,554852,0.0,27.284259,0,0.0
288,course-v1:spbu+SOCLAB+spring_2018,b2f78b1f662e4c24952c207d54bf7b9e,559517,0.0,6079074.313612,0,0.0
288,course-v1:spbu+SOCLAB+spring_2018,d9621f23da4a4e5faa6e1315fb730eac,22331,0.0,459.740524,0,1679.613105
288,course-v1:spbu+SOCLAB+spring_2018,d9621f23da4a4e5faa6e1315fb730eac,28864,0.0,229.870262,0,1962.535858
288,course-v1:spbu+SOCLAB+spring_2018,d9621f23da4a4e5faa6e1315fb730eac,48168,0.0,27.985033,0,0.0
288,course-v1:spbu+SOCLAB+spring_2018,d9621f23da4a4e5faa6e1315fb730eac,56215,0.0,1629.982652,0,1648.436181
288,course-v1:spbu+SOCLAB+spring_2018,d9621f23da4a4e5faa6e1315fb730eac,185925,0.0,3259.965304,0,0.0
288,course-v1:spbu+SOCLAB+spring_2018,d9621f23da4a4e5faa6e1315fb730eac,243054,0.0,1629.982652,0,1262.0534889999997
288,course-v1:spbu+SOCLAB+spring_2018,d9621f23da4a4e5faa6e1315fb730eac,259731,0.0,6519.930608,0,0.0
288,course-v1:spbu+SOCLAB+spring_2018,d9621f23da4a4e5faa6e1315fb730eac,350494,0.0,1629.982652,0,1100.928244
288,course-v1:spbu+SOCLAB+spring_2018,d9621f23da4a4e5faa6e1315fb730eac,444404,0.0,1629.982652,0,0.0
288,course-v1:spbu+SOCLAB+spring_2018,d9621f23da4a4e5faa6e1315fb730eac,467046,0.0,459.740524,0,1273.8865620000001
288,course-v1:spbu+SOCLAB+spring_2018,d9621f23da4a4e5faa6e1315fb730eac,486614,0.0,229.870262,0,1120.326879
288,course-v1:spbu+SOCLAB+spring_2018,d9621f23da4a4e5faa6e1315fb730eac,492510,0.0,3259.965304,0,245.71596799999998
288,course-v1:spbu+SOCLAB+spring_2018,d9621f23da4a4e5faa6e1315fb730eac,493875,0.0,1629.982652,0,294.612015
288,course-v1:spbu+SOCLAB+spring_2018,d9621f23da4a4e5faa6e1315fb730eac,554852,0.0,27.985033,0,0.0
288,course-v1:spbu+SOCLAB+spring_2018,d9621f23da4a4e5faa6e1315fb730eac,559517,0.0,27.985033,0,0.0
288,course-v1:spbu+SOCLAB+spring_2018,d9621f23da4a4e5faa6e1315fb730eac,559616,0.0,342.683832,0,0.0
288,course-v1:spbu+SOCLAB+spring_2018,d9621f23da4a4e5faa6e1315fb730eac,583886,0.0,64.841633,0,0.0
288,course-v1:spbu+SOCLAB+spring_2018,d9621f23da4a4e5faa6e1315fb730eac,595666,0.0,235.436999,0,979.516287
288,course-v1:spbu+SOCLAB+spring_2018,f5d3ea1438fc4dc399ef4edc441e892f,22331,0.0,104.96889,0,1084.568103
288,course-v1:spbu+SOCLAB+spring_2018,f5d3ea1438fc4dc399ef4edc441e892f,48168,0.0,36.960615,0,0.0
288,course-v1:spbu+SOCLAB+spring_2018,f5d3ea1438fc4dc399ef4edc441e892f,56215,0.0,52.484445,0,1070.320075
288,course-v1:spbu+SOCLAB+spring_2018,f5d3ea1438fc4dc399ef4edc441e892f,185925,0.0,52.484445,0,0.0
288,course-v1:spbu+SOCLAB+spring_2018,f5d3ea1438fc4dc399ef4edc441e892f,237133,0.0,104.96889,0,719.952884
288,course-v1:spbu+SOCLAB+spring_2018,f5d3ea1438fc4dc399ef4edc441e892f,350494,0.0,52.484445,0,704.9733570000001
288,course-v1:spbu+SOCLAB+spring_2018,f5d3ea1438fc4dc399ef4edc441e892f,444404,0.0,52.484445,0,0.0
288,course-v1:spbu+SOCLAB+spring_2018,f5d3ea1438fc4dc399ef4edc441e892f,467046,0.0,146.302756,0,735.05457
288,course-v1:spbu+SOCLAB+spring_2018,f5d3ea1438fc4dc399ef4edc441e892f,554852,0.0,36.960615,0,0.0
288,course-v1:spbu+SOCLAB+spring_2018,f5d3ea1438fc4dc399ef4edc441e892f,559517,0.0,36.960615,0,0.0
288,course-v1:spbu+SOCLAB+spring_2018,f5d3ea1438fc4dc399ef4edc441e892f,559616,0.0,25.084054,0,0.0
288,course-v1:spbu+SOCLAB+spring_2018,f5d3ea1438fc4dc399ef4edc441e892f,583886,0.0,73.151378,0,0.0
288,course-v1:spbu+SOCLAB+spring_2018,f5d3ea1438fc4dc399ef4edc441e892f,595666,0.0,135.444334,0,1099.208912
288,course-v1:spbu+SOCLAB+spring_2018,f04d53579de84074918a985304a22c84,473613,0.0,0.0,0,22.533034999999998
288,course-v1:spbu+SOCLAB+spring_2018,939b37206e654f35ae914dd632a9223e,473613,0.0,0.0,0,32.165279
288,course-v1:spbu+SOCLAB+spring_2018,18c7ee896d6a4944a137a99b37fcd249,473613,0.0,0.0,0,65.078926
288,course-v1:spbu+SOCLAB+spring_2018,061d8a5b581a45dab40b1ca9405ddf5b,473613,0.0,0.0,0,1.638265
288,course-v1:spbu+SOCLAB+spring_2018,6c085a02b1b34426963b93e63d2d4f98,473613,0.0,0.0,0,0.0
288,course-v1:spbu+SOCLAB+spring_2018,e3c0abd8380d446c8e9a5fb6b15aeefc,473613,0.0,0.0,0,0.0
288,course-v1:spbu+SOCLAB+spring_2018,f5d3ea1438fc4dc399ef4edc441e892f,473613,0.0,0.0,0,0.0
288,course-v1:spbu+SOCLAB+spring_2018,92dc03a5e8f1422c86b7ad2027051370,473613,0.0,0.0,0,0.0
288,course-v1:spbu+SOCLAB+spring_2018,1d389a136e47425a8ad238c16cc7b72b,473613,0.0,0.0,0,0.0
288,course-v1:spbu+SOCLAB+spring_2018,e69c3d2f9bf24dc38f26d516ff72dafc,473613,0.0,0.0,0,0.0
288,course-v1:spbu+SOCLAB+spring_2018,96ba5292ebf640ffbe4b303fb1ff5a31,473613,0.0,0.0,0,0.0
288,course-v1:spbu+SOCLAB+spring_2018,cd8a29e227c9475fbc37edaa23cfa9d3,473613,0.0,0.0,0,0.0
288,course-v1:spbu+SOCLAB+spring_2018,ffc583f1720542a3b2959ae2de6a31aa,473613,0.0,0.0,0,0.0
288,course-v1:spbu+SOCLAB+spring_2018,f04d53579de84074918a985304a22c84,393700,0.0,0.0,0,0.0
288,course-v1:spbu+SOCLAB+spring_2018,e3c0abd8380d446c8e9a5fb6b15aeefc,393700,0.0,0.0,0,0.0
288,course-v1:spbu+SOCLAB+spring_2018,6c085a02b1b34426963b93e63d2d4f98,393700,0.0,0.0,0,0.0
288,course-v1:spbu+SOCLAB+spring_2018,43c190f90262429c9c3c912e16c79233,393700,0.0,0.0,0,0.0
288,course-v1:spbu+SOCLAB+spring_2018,e3c0abd8380d446c8e9a5fb6b15aeefc,28864,0.0,0.0,0,0.0
288,course-v1:spbu+SOCLAB+spring_2018,f04d53579de84074918a985304a22c84,28864,0.0,0.0,0,303.305884
288,course-v1:spbu+SOCLAB+spring_2018,6c085a02b1b34426963b93e63d2d4f98,28864,0.0,0.0,0,0.0
288,course-v1:spbu+SOCLAB+spring_2018,34c886e366fa4ab7b6209486bff7b0d6,28864,0.0,0.0,0,58.32607
288,course-v1:spbu+SOCLAB+spring_2018,061d8a5b581a45dab40b1ca9405ddf5b,28864,0.0,0.0,0,1513.5047329999998
288,course-v1:spbu+SOCLAB+spring_2018,f5d3ea1438fc4dc399ef4edc441e892f,28864,0.0,0.0,0,1078.663604
288,course-v1:spbu+SOCLAB+spring_2018,1434b8d53d444779bc7e5be81a70575b,28864,0.0,0.0,0,1892.4455339999997
288,course-v1:spbu+SOCLAB+spring_2018,e69c3d2f9bf24dc38f26d516ff72dafc,28864,0.0,0.0,0,0.0
288,course-v1:spbu+SOCLAB+spring_2018,18c7ee896d6a4944a137a99b37fcd249,28864,0.0,0.0,0,1068.0769169999999
288,course-v1:spbu+SOCLAB+spring_2018,96ba5292ebf640ffbe4b303fb1ff5a31,28864,0.0,0.0,0,0.0
288,course-v1:spbu+SOCLAB+spring_2018,0dece1c2c32046f8a41548f6ad5de4f2,28864,0.0,0.0,0,0.0
288,course-v1:spbu+SOCLAB+spring_2018,1d389a136e47425a8ad238c16cc7b72b,28864,0.0,0.0,0,0.0
288,course-v1:spbu+SOCLAB+spring_2018,bba8998195d74caa9f322aa4524fa8dd,28864,0.0,0.0,0,0.0
288,course-v1:spbu+SOCLAB+spring_2018,cd8a29e227c9475fbc37edaa23cfa9d3,28864,0.0,0.0,0,0.0
288,course-v1:spbu+SOCLAB+spring_2018,afc0b0da6f7840099a2b04e41c7095f4,28864,0.0,0.0,0,0.0
288,course-v1:spbu+SOCLAB+spring_2018,1828bcc929d14d6d875e0acbc4c8274d,28864,0.0,0.0,3,0.0
288,course-v1:spbu+SOCLAB+spring_2018,911e79608f9541edb20dd5887ac1e9a8,28864,0.0,0.0,0,0.0
288,course-v1:spbu+SOCLAB+spring_2018,43c190f90262429c9c3c912e16c79233,28864,0.0,0.0,0,0.0
288,course-v1:spbu+SOCLAB+spring_2018,9ea1c781adf7418ea201dfc2037789c5,28864,0.0,0.0,0,1419.605432
288,course-v1:spbu+SOCLAB+spring_2018,37128eb7bb69401ea9be1638c29b2865,28864,0.0,0.0,0,1689.3800610000003
288,course-v1:spbu+SOCLAB+spring_2018,967228d4a2224c9e990c44752e1fd8c9,28864,0.0,0.0,0,0.0
288,course-v1:spbu+SOCLAB+spring_2018,30ae45b00f1d4e7f88ef92437564a6fd,28864,0.0,0.0,0,1484.9602269999996
288,course-v1:spbu+SOCLAB+spring_2018,807a1dcddc7048e7b0fd4116357c6796,28864,0.0,0.0,0,1090.591928
288,course-v1:spbu+SOCLAB+spring_2018,8d30e64d32f740cebdbff84b90375be8,28864,0.0,0.0,0,226675.80646800002
288,course-v1:spbu+SOCLAB+spring_2018,079aad5593e3427dbb753ec869f121a7,28864,0.0,0.0,3,0.0
288,course-v1:spbu+SOCLAB+spring_2018,86c3d90af7b54579870f929880a6f1c3,28864,0.0,0.0,0,1125.1079439999999
288,course-v1:spbu+SOCLAB+spring_2018,cfd5b0cc8e184b22aee90e03cc383168,28864,0.0,0.0,0,0.0
288,course-v1:spbu+SOCLAB+spring_2018,ff886716bfbf4ee3bda294d0c6f5d95e,28864,0.0,0.0,0,787.6741380000001
288,course-v1:spbu+SOCLAB+spring_2018,8846cd94c4374878a1bdfc5c3cb5d1e8,28864,0.0,0.0,0,856.4975399999998
288,course-v1:spbu+SOCLAB+spring_2018,b442dc12c0a649f1b23173b1833ef380,28864,0.0,0.0,0,1621.5805789999997
288,course-v1:spbu+SOCLAB+spring_2018,6f18244edbf64f8ab81c1b5378d953f0,28864,0.0,0.0,0,0.0
288,course-v1:spbu+SOCLAB+spring_2018,376d602fdb994d5cb6f8efa7311087ef,28864,0.0,0.0,0,528.025358
288,course-v1:spbu+SOCLAB+spring_2018,60bdfe9eac2340b19aefa80bed3df4d9,28864,0.0,0.0,0,0.0
288,course-v1:spbu+SOCLAB+spring_2018,ad35bbd476b34d0a8ad04254ddafc66e,28864,0.0,0.0,0,0.0
288,course-v1:spbu+SOCLAB+spring_2018,4a1d9274e3454e30acb5109c58208cb7,28864,0.0,0.0,0,0.0
288,course-v1:spbu+SOCLAB+spring_2018,e3c0abd8380d446c8e9a5fb6b15aeefc,56215,0.0,0.0,0,0.0
288,course-v1:spbu+SOCLAB+spring_2018,f04d53579de84074918a985304a22c84,56215,0.0,0.0,0,392.645762
288,course-v1:spbu+SOCLAB+spring_2018,6c085a02b1b34426963b93e63d2d4f98,56215,0.0,0.0,0,0.0
288,course-v1:spbu+SOCLAB+spring_2018,18c7ee896d6a4944a137a99b37fcd249,56215,0.0,0.0,0,1054.1452960000001
288,course-v1:spbu+SOCLAB+spring_2018,1d389a136e47425a8ad238c16cc7b72b,56215,0.0,0.0,0,1530.304227
288,course-v1:spbu+SOCLAB+spring_2018,0dece1c2c32046f8a41548f6ad5de4f2,56215,0.0,0.0,0,0.0
288,course-v1:spbu+SOCLAB+spring_2018,bba8998195d74caa9f322aa4524fa8dd,56215,0.0,0.0,0,754.417601
288,course-v1:spbu+SOCLAB+spring_2018,e69c3d2f9bf24dc38f26d516ff72dafc,56215,0.0,0.0,0,0.0
288,course-v1:spbu+SOCLAB+spring_2018,96ba5292ebf640ffbe4b303fb1ff5a31,56215,0.0,0.0,0,0.0
288,course-v1:spbu+SOCLAB+spring_2018,cd8a29e227c9475fbc37edaa23cfa9d3,56215,0.0,0.0,0,0.0
288,course-v1:spbu+SOCLAB+spring_2018,9ea1c781adf7418ea201dfc2037789c5,56215,0.0,0.0,0,1060.524762
288,course-v1:spbu+SOCLAB+spring_2018,afc0b0da6f7840099a2b04e41c7095f4,56215,0.0,0.0,0,0.0
288,course-v1:spbu+SOCLAB+spring_2018,37128eb7bb69401ea9be1638c29b2865,56215,0.0,0.0,0,1507.815596
288,course-v1:spbu+SOCLAB+spring_2018,967228d4a2224c9e990c44752e1fd8c9,56215,0.0,0.0,0,0.0
288,course-v1:spbu+SOCLAB+spring_2018,30ae45b00f1d4e7f88ef92437564a6fd,56215,0.0,0.0,0,1513.190124
288,course-v1:spbu+SOCLAB+spring_2018,1828bcc929d14d6d875e0acbc4c8274d,56215,0.0,0.0,0,0.0
288,course-v1:spbu+SOCLAB+spring_2018,807a1dcddc7048e7b0fd4116357c6796,56215,0.0,0.0,0,1080.23696
288,course-v1:spbu+SOCLAB+spring_2018,8d30e64d32f740cebdbff84b90375be8,56215,0.0,0.0,0,1668.111151
288,course-v1:spbu+SOCLAB+spring_2018,cfd5b0cc8e184b22aee90e03cc383168,56215,0.0,0.0,0,0.0
288,course-v1:spbu+SOCLAB+spring_2018,86c3d90af7b54579870f929880a6f1c3,56215,0.0,0.0,0,703.016853
288,course-v1:spbu+SOCLAB+spring_2018,911e79608f9541edb20dd5887ac1e9a8,56215,0.0,0.0,0,0.0
288,course-v1:spbu+SOCLAB+spring_2018,43c190f90262429c9c3c912e16c79233,56215,0.0,0.0,0,0.0
288,course-v1:spbu+SOCLAB+spring_2018,8846cd94c4374878a1bdfc5c3cb5d1e8,56215,0.0,0.0,0,790.654031
288,course-v1:spbu+SOCLAB+spring_2018,b442dc12c0a649f1b23173b1833ef380,56215,0.0,0.0,0,1326.873493
288,course-v1:spbu+SOCLAB+spring_2018,6f18244edbf64f8ab81c1b5378d953f0,56215,0.0,0.0,0,0.0
288,course-v1:spbu+SOCLAB+spring_2018,376d602fdb994d5cb6f8efa7311087ef,56215,0.0,0.0,0,1038.895822
288,course-v1:spbu+SOCLAB+spring_2018,60bdfe9eac2340b19aefa80bed3df4d9,56215,0.0,0.0,0,0.0
288,course-v1:spbu+SOCLAB+spring_2018,079aad5593e3427dbb753ec869f121a7,56215,0.0,0.0,0,0.0
288,course-v1:spbu+SOCLAB+spring_2018,ff886716bfbf4ee3bda294d0c6f5d95e,56215,0.0,0.0,0,1255.372212
288,course-v1:spbu+SOCLAB+spring_2018,4a1d9274e3454e30acb5109c58208cb7,56215,0.0,0.0,0,700.755359
288,course-v1:spbu+SOCLAB+spring_2018,aa328b4f14cf4af391dd75c92f31db20,56215,0.0,0.0,0,0.0
288,course-v1:spbu+SOCLAB+spring_2018,ad35bbd476b34d0a8ad04254ddafc66e,56215,0.0,0.0,0,0.0
288,course-v1:spbu+SOCLAB+spring_2018,ffc583f1720542a3b2959ae2de6a31aa,56215,0.0,0.0,0,0.0
288,course-v1:spbu+SOCLAB+spring_2018,e3c0abd8380d446c8e9a5fb6b15aeefc,243054,0.0,0.0,0,0.0
288,course-v1:spbu+SOCLAB+spring_2018,f04d53579de84074918a985304a22c84,243054,0.0,0.0,0,329.623631
288,course-v1:spbu+SOCLAB+spring_2018,6c085a02b1b34426963b93e63d2d4f98,243054,0.0,0.0,0,0.0
288,course-v1:spbu+SOCLAB+spring_2018,061d8a5b581a45dab40b1ca9405ddf5b,243054,0.0,0.0,0,0.0
288,course-v1:spbu+SOCLAB+spring_2018,1434b8d53d444779bc7e5be81a70575b,243054,0.0,0.0,0,0.0
288,course-v1:spbu+SOCLAB+spring_2018,e69c3d2f9bf24dc38f26d516ff72dafc,243054,0.0,0.0,0,0.0
288,course-v1:spbu+SOCLAB+spring_2018,96ba5292ebf640ffbe4b303fb1ff5a31,243054,0.0,0.0,0,0.0
288,course-v1:spbu+SOCLAB+spring_2018,cd8a29e227c9475fbc37edaa23cfa9d3,243054,0.0,0.0,0,0.0
288,course-v1:spbu+SOCLAB+spring_2018,afc0b0da6f7840099a2b04e41c7095f4,243054,0.0,0.0,0,0.0
288,course-v1:spbu+SOCLAB+spring_2018,911e79608f9541edb20dd5887ac1e9a8,243054,0.0,0.0,0,0.0
288,course-v1:spbu+SOCLAB+spring_2018,43c190f90262429c9c3c912e16c79233,243054,0.0,0.0,0,0.0
288,course-v1:spbu+SOCLAB+spring_2018,807a1dcddc7048e7b0fd4116357c6796,243054,0.0,0.0,0,0.0
288,course-v1:spbu+SOCLAB+spring_2018,e3c0abd8380d446c8e9a5fb6b15aeefc,394310,0.0,0.0,0,0.0
288,course-v1:spbu+SOCLAB+spring_2018,1a17d645abe24d679ca25460fb6198bf,394310,0.0,0.0,3,0.0
288,course-v1:spbu+SOCLAB+spring_2018,6c085a02b1b34426963b93e63d2d4f98,394310,0.0,0.0,0,0.0
288,course-v1:spbu+SOCLAB+spring_2018,96ba5292ebf640ffbe4b303fb1ff5a31,394310,0.0,0.0,0,0.0
288,course-v1:spbu+SOCLAB+spring_2018,e69c3d2f9bf24dc38f26d516ff72dafc,394310,0.0,0.0,0,0.0
288,course-v1:spbu+SOCLAB+spring_2018,cd8a29e227c9475fbc37edaa23cfa9d3,394310,0.0,0.0,0,0.0
288,course-v1:spbu+SOCLAB+spring_2018,cfd5b0cc8e184b22aee90e03cc383168,394310,0.0,0.0,0,0.0
288,course-v1:spbu+SOCLAB+spring_2018,911e79608f9541edb20dd5887ac1e9a8,394310,0.0,0.0,0,0.0
288,course-v1:spbu+SOCLAB+spring_2018,43c190f90262429c9c3c912e16c79233,394310,0.0,0.0,0,0.0
288,course-v1:spbu+SOCLAB+spring_2018,c1974eb7d4e94e32be5662c18c100602,394310,0.0,0.0,0,0.0
288,course-v1:spbu+SOCLAB+spring_2018,ffc583f1720542a3b2959ae2de6a31aa,394310,0.0,0.0,0,0.0
288,course-v1:spbu+SOCLAB+spring_2018,e3c0abd8380d446c8e9a5fb6b15aeefc,492510,0.0,0.0,0,0.0
288,course-v1:spbu+SOCLAB+spring_2018,f04d53579de84074918a985304a22c84,492510,0.0,0.0,0,392.9632
288,course-v1:spbu+SOCLAB+spring_2018,6c085a02b1b34426963b93e63d2d4f98,492510,0.0,0.0,0,0.0
288,course-v1:spbu+SOCLAB+spring_2018,e3c0abd8380d446c8e9a5fb6b15aeefc,488714,0.0,0.0,0,0.0
288,course-v1:spbu+SOCLAB+spring_2018,f04d53579de84074918a985304a22c84,488714,0.0,0.0,0,392.68781
288,course-v1:spbu+SOCLAB+spring_2018,c2a53370f5e44301918c551b8bb2f17c,488714,0.0,0.0,0,0.0
288,course-v1:spbu+SOCLAB+spring_2018,34c886e366fa4ab7b6209486bff7b0d6,488714,0.0,0.0,0,785.0209130000001
288,course-v1:spbu+SOCLAB+spring_2018,d9621f23da4a4e5faa6e1315fb730eac,488714,0.0,0.0,0,0.0
288,course-v1:spbu+SOCLAB+spring_2018,6c085a02b1b34426963b93e63d2d4f98,488714,0.0,0.0,0,0.0
288,course-v1:spbu+SOCLAB+spring_2018,27688ee203c144bb83cff0cceab9a483,488714,0.0,0.0,0,0.0
288,course-v1:spbu+SOCLAB+spring_2018,e3c0abd8380d446c8e9a5fb6b15aeefc,453625,0.0,0.0,0,0.0
288,course-v1:spbu+SOCLAB+spring_2018,f04d53579de84074918a985304a22c84,453625,0.0,0.0,0,403.565025
288,course-v1:spbu+SOCLAB+spring_2018,c2a53370f5e44301918c551b8bb2f17c,453625,0.0,0.0,0,0.0
288,course-v1:spbu+SOCLAB+spring_2018,6c085a02b1b34426963b93e63d2d4f98,453625,0.0,0.0,0,0.0
288,course-v1:spbu+SOCLAB+spring_2018,27688ee203c144bb83cff0cceab9a483,453625,0.0,0.0,0,0.0
288,course-v1:spbu+SOCLAB+spring_2018,96ba5292ebf640ffbe4b303fb1ff5a31,453625,0.0,0.0,0,0.0
288,course-v1:spbu+SOCLAB+spring_2018,cd8a29e227c9475fbc37edaa23cfa9d3,453625,0.0,0.0,0,0.0
288,course-v1:spbu+SOCLAB+spring_2018,e3c0abd8380d446c8e9a5fb6b15aeefc,237133,0.0,0.0,0,0.0
288,course-v1:spbu+SOCLAB+spring_2018,f04d53579de84074918a985304a22c84,237133,0.0,0.0,0,314.205101
288,course-v1:spbu+SOCLAB+spring_2018,6c085a02b1b34426963b93e63d2d4f98,237133,0.0,0.0,0,0.0
288,course-v1:spbu+SOCLAB+spring_2018,d9621f23da4a4e5faa6e1315fb730eac,237133,0.0,0.0,0,603.3012160000001
288,course-v1:spbu+SOCLAB+spring_2018,061d8a5b581a45dab40b1ca9405ddf5b,237133,0.0,0.0,0,596.306766
288,course-v1:spbu+SOCLAB+spring_2018,e69c3d2f9bf24dc38f26d516ff72dafc,237133,0.0,0.0,0,0.0
288,course-v1:spbu+SOCLAB+spring_2018,18c7ee896d6a4944a137a99b37fcd249,237133,0.0,0.0,0,836.169878
288,course-v1:spbu+SOCLAB+spring_2018,96ba5292ebf640ffbe4b303fb1ff5a31,237133,0.0,0.0,0,0.0
288,course-v1:spbu+SOCLAB+spring_2018,1d389a136e47425a8ad238c16cc7b72b,237133,0.0,0.0,0,1232.348058
288,course-v1:spbu+SOCLAB+spring_2018,0dece1c2c32046f8a41548f6ad5de4f2,237133,0.0,0.0,0,0.0
288,course-v1:spbu+SOCLAB+spring_2018,bba8998195d74caa9f322aa4524fa8dd,237133,0.0,0.0,0,614.651704
288,course-v1:spbu+SOCLAB+spring_2018,cd8a29e227c9475fbc37edaa23cfa9d3,237133,0.0,0.0,0,0.0
288,course-v1:spbu+SOCLAB+spring_2018,9ea1c781adf7418ea201dfc2037789c5,237133,0.0,0.0,0,738.245935
288,course-v1:spbu+SOCLAB+spring_2018,1828bcc929d14d6d875e0acbc4c8274d,237133,0.0,0.0,0,0.0
288,course-v1:spbu+SOCLAB+spring_2018,afc0b0da6f7840099a2b04e41c7095f4,237133,0.0,0.0,0,0.0
288,course-v1:spbu+SOCLAB+spring_2018,37128eb7bb69401ea9be1638c29b2865,237133,0.0,0.0,0,1006.4744390000001
288,course-v1:spbu+SOCLAB+spring_2018,967228d4a2224c9e990c44752e1fd8c9,237133,0.0,0.0,0,0.0
288,course-v1:spbu+SOCLAB+spring_2018,30ae45b00f1d4e7f88ef92437564a6fd,237133,0.0,0.0,0,630.265312
288,course-v1:spbu+SOCLAB+spring_2018,911e79608f9541edb20dd5887ac1e9a8,237133,0.0,0.0,0,0.0
288,course-v1:spbu+SOCLAB+spring_2018,43c190f90262429c9c3c912e16c79233,237133,0.0,0.0,0,0.0
288,course-v1:spbu+SOCLAB+spring_2018,807a1dcddc7048e7b0fd4116357c6796,237133,0.0,0.0,0,411.69750300000004
288,course-v1:spbu+SOCLAB+spring_2018,cfd5b0cc8e184b22aee90e03cc383168,237133,0.0,0.0,0,0.0
288,course-v1:spbu+SOCLAB+spring_2018,6f18244edbf64f8ab81c1b5378d953f0,237133,0.0,0.0,0,0.0
288,course-v1:spbu+SOCLAB+spring_2018,8d30e64d32f740cebdbff84b90375be8,237133,0.0,0.0,0,1122.165236
288,course-v1:spbu+SOCLAB+spring_2018,86c3d90af7b54579870f929880a6f1c3,237133,0.0,0.0,0,176.491886
288,course-v1:spbu+SOCLAB+spring_2018,8846cd94c4374878a1bdfc5c3cb5d1e8,237133,0.0,0.0,0,109.127252
288,course-v1:spbu+SOCLAB+spring_2018,b442dc12c0a649f1b23173b1833ef380,237133,0.0,0.0,0,597.620842
288,course-v1:spbu+SOCLAB+spring_2018,376d602fdb994d5cb6f8efa7311087ef,237133,0.0,0.0,0,694.6103069999999
288,course-v1:spbu+SOCLAB+spring_2018,079aad5593e3427dbb753ec869f121a7,237133,0.0,0.0,0,0.0
288,course-v1:spbu+SOCLAB+spring_2018,ff886716bfbf4ee3bda294d0c6f5d95e,237133,0.0,0.0,0,837.771037
288,course-v1:spbu+SOCLAB+spring_2018,4a1d9274e3454e30acb5109c58208cb7,237133,0.0,0.0,0,467.45639100000005
288,course-v1:spbu+SOCLAB+spring_2018,aa328b4f14cf4af391dd75c92f31db20,237133,0.0,0.0,0,0.0
288,course-v1:spbu+SOCLAB+spring_2018,ad35bbd476b34d0a8ad04254ddafc66e,237133,0.0,0.0,0,0.0
288,course-v1:spbu+SOCLAB+spring_2018,e3c0abd8380d446c8e9a5fb6b15aeefc,493875,0.0,0.0,0,0.0
288,course-v1:spbu+SOCLAB+spring_2018,f04d53579de84074918a985304a22c84,493875,0.0,0.0,0,386.952638
288,course-v1:spbu+SOCLAB+spring_2018,1941ebda9cf74588a4a381f326435c3c,493875,0.0,0.0,2,211.17303000000004
288,course-v1:spbu+SOCLAB+spring_2018,6c085a02b1b34426963b93e63d2d4f98,493875,0.0,0.0,0,0.0
288,course-v1:spbu+SOCLAB+spring_2018,e69c3d2f9bf24dc38f26d516ff72dafc,493875,0.0,0.0,0,0.0
288,course-v1:spbu+SOCLAB+spring_2018,96ba5292ebf640ffbe4b303fb1ff5a31,493875,0.0,0.0,0,0.0
288,course-v1:spbu+SOCLAB+spring_2018,0dece1c2c32046f8a41548f6ad5de4f2,493875,0.0,0.0,2,0.0
288,course-v1:spbu+SOCLAB+spring_2018,18c7ee896d6a4944a137a99b37fcd249,493875,0.0,0.0,2,521.599942
288,course-v1:spbu+SOCLAB+spring_2018,1d389a136e47425a8ad238c16cc7b72b,493875,0.0,0.0,2,566.324663
288,course-v1:spbu+SOCLAB+spring_2018,bba8998195d74caa9f322aa4524fa8dd,493875,0.0,0.0,0,591.669843
288,course-v1:spbu+SOCLAB+spring_2018,cd8a29e227c9475fbc37edaa23cfa9d3,493875,0.0,0.0,0,0.0
288,course-v1:spbu+SOCLAB+spring_2018,1828bcc929d14d6d875e0acbc4c8274d,493875,0.0,0.0,2,0.0
288,course-v1:spbu+SOCLAB+spring_2018,afc0b0da6f7840099a2b04e41c7095f4,493875,0.0,0.0,0,0.0
288,course-v1:spbu+SOCLAB+spring_2018,ffc583f1720542a3b2959ae2de6a31aa,493875,0.0,0.0,0,0.0
288,course-v1:spbu+SOCLAB+spring_2018,e3c0abd8380d446c8e9a5fb6b15aeefc,154690,0.0,0.0,0,0.0
288,course-v1:spbu+SOCLAB+spring_2018,f04d53579de84074918a985304a22c84,154690,0.0,0.0,0,36.613588
288,course-v1:spbu+SOCLAB+spring_2018,92dc03a5e8f1422c86b7ad2027051370,154690,0.0,0.0,0,291.632397
288,course-v1:spbu+SOCLAB+spring_2018,1941ebda9cf74588a4a381f326435c3c,154690,0.0,0.0,0,1115.904909
288,course-v1:spbu+SOCLAB+spring_2018,c2a53370f5e44301918c551b8bb2f17c,154690,0.0,0.0,0,0.0
288,course-v1:spbu+SOCLAB+spring_2018,1a17d645abe24d679ca25460fb6198bf,154690,0.0,0.0,0,1106.739231
288,course-v1:spbu+SOCLAB+spring_2018,d9621f23da4a4e5faa6e1315fb730eac,154690,0.0,0.0,0,979.126887
288,course-v1:spbu+SOCLAB+spring_2018,34c886e366fa4ab7b6209486bff7b0d6,154690,0.0,0.0,0,0.0
288,course-v1:spbu+SOCLAB+spring_2018,1434b8d53d444779bc7e5be81a70575b,154690,0.0,0.0,0,1536.1900899999998
288,course-v1:spbu+SOCLAB+spring_2018,061d8a5b581a45dab40b1ca9405ddf5b,154690,0.0,0.0,0,0.0
288,course-v1:spbu+SOCLAB+spring_2018,f5d3ea1438fc4dc399ef4edc441e892f,154690,0.0,0.0,0,0.0
288,course-v1:spbu+SOCLAB+spring_2018,18c7ee896d6a4944a137a99b37fcd249,154690,0.0,0.0,0,877.0773939999999
288,course-v1:spbu+SOCLAB+spring_2018,1d389a136e47425a8ad238c16cc7b72b,154690,0.0,0.0,0,1126.919542
288,course-v1:spbu+SOCLAB+spring_2018,bba8998195d74caa9f322aa4524fa8dd,154690,0.0,0.0,0,24.344292
288,course-v1:spbu+SOCLAB+spring_2018,e69c3d2f9bf24dc38f26d516ff72dafc,154690,0.0,0.0,0,0.0
288,course-v1:spbu+SOCLAB+spring_2018,96ba5292ebf640ffbe4b303fb1ff5a31,154690,0.0,0.0,0,0.0
288,course-v1:spbu+SOCLAB+spring_2018,cd8a29e227c9475fbc37edaa23cfa9d3,154690,0.0,0.0,0,0.0
288,course-v1:spbu+SOCLAB+spring_2018,9ea1c781adf7418ea201dfc2037789c5,154690,0.0,0.0,0,0.0
288,course-v1:spbu+SOCLAB+spring_2018,37128eb7bb69401ea9be1638c29b2865,154690,0.0,0.0,0,0.0
288,course-v1:spbu+SOCLAB+spring_2018,967228d4a2224c9e990c44752e1fd8c9,154690,0.0,0.0,0,0.0
288,course-v1:spbu+SOCLAB+spring_2018,30ae45b00f1d4e7f88ef92437564a6fd,154690,0.0,0.0,0,0.0
288,course-v1:spbu+SOCLAB+spring_2018,1828bcc929d14d6d875e0acbc4c8274d,154690,0.0,0.0,0,0.0
288,course-v1:spbu+SOCLAB+spring_2018,afc0b0da6f7840099a2b04e41c7095f4,154690,0.0,0.0,0,0.0
288,course-v1:spbu+SOCLAB+spring_2018,807a1dcddc7048e7b0fd4116357c6796,154690,0.0,0.0,0,0.0
288,course-v1:spbu+SOCLAB+spring_2018,8d30e64d32f740cebdbff84b90375be8,154690,0.0,0.0,0,0.0
288,course-v1:spbu+SOCLAB+spring_2018,cfd5b0cc8e184b22aee90e03cc383168,154690,0.0,0.0,0,0.0
288,course-v1:spbu+SOCLAB+spring_2018,86c3d90af7b54579870f929880a6f1c3,154690,0.0,0.0,0,0.0
288,course-v1:spbu+SOCLAB+spring_2018,911e79608f9541edb20dd5887ac1e9a8,154690,0.0,0.0,0,0.0
288,course-v1:spbu+SOCLAB+spring_2018,43c190f90262429c9c3c912e16c79233,154690,0.0,0.0,0,0.0
288,course-v1:spbu+SOCLAB+spring_2018,8846cd94c4374878a1bdfc5c3cb5d1e8,154690,0.0,0.0,0,0.0
288,course-v1:spbu+SOCLAB+spring_2018,b442dc12c0a649f1b23173b1833ef380,154690,0.0,0.0,0,0.0
288,course-v1:spbu+SOCLAB+spring_2018,6f18244edbf64f8ab81c1b5378d953f0,154690,0.0,0.0,0,0.0
288,course-v1:spbu+SOCLAB+spring_2018,376d602fdb994d5cb6f8efa7311087ef,154690,0.0,0.0,0,0.0
288,course-v1:spbu+SOCLAB+spring_2018,60bdfe9eac2340b19aefa80bed3df4d9,154690,0.0,0.0,0,0.0
288,course-v1:spbu+SOCLAB+spring_2018,079aad5593e3427dbb753ec869f121a7,154690,0.0,0.0,0,0.0
288,course-v1:spbu+SOCLAB+spring_2018,ff886716bfbf4ee3bda294d0c6f5d95e,154690,0.0,0.0,0,0.0
288,course-v1:spbu+SOCLAB+spring_2018,939b37206e654f35ae914dd632a9223e,154690,0.0,0.0,0,0.0
288,course-v1:spbu+SOCLAB+spring_2018,4a1d9274e3454e30acb5109c58208cb7,154690,0.0,0.0,0,0.0
288,course-v1:spbu+SOCLAB+spring_2018,aa328b4f14cf4af391dd75c92f31db20,154690,0.0,0.0,0,0.0
288,course-v1:spbu+SOCLAB+spring_2018,ad35bbd476b34d0a8ad04254ddafc66e,154690,0.0,0.0,0,0.0
288,course-v1:spbu+SOCLAB+spring_2018,ffc583f1720542a3b2959ae2de6a31aa,154690,0.0,0.0,0,0.0
288,course-v1:spbu+SOCLAB+spring_2018,e3c0abd8380d446c8e9a5fb6b15aeefc,185925,0.0,0.0,0,0.0
288,course-v1:spbu+SOCLAB+spring_2018,f04d53579de84074918a985304a22c84,185925,0.0,0.0,0,0.0
288,course-v1:spbu+SOCLAB+spring_2018,c2a53370f5e44301918c551b8bb2f17c,185925,0.0,0.0,0,0.0
288,course-v1:spbu+SOCLAB+spring_2018,6c085a02b1b34426963b93e63d2d4f98,185925,0.0,0.0,0,0.0
288,course-v1:spbu+SOCLAB+spring_2018,27688ee203c144bb83cff0cceab9a483,185925,0.0,0.0,0,0.0
288,course-v1:spbu+SOCLAB+spring_2018,18c7ee896d6a4944a137a99b37fcd249,185925,0.0,0.0,0,0.0
288,course-v1:spbu+SOCLAB+spring_2018,1d389a136e47425a8ad238c16cc7b72b,185925,0.0,0.0,0,0.0
288,course-v1:spbu+SOCLAB+spring_2018,0dece1c2c32046f8a41548f6ad5de4f2,185925,0.0,0.0,0,0.0
288,course-v1:spbu+SOCLAB+spring_2018,bba8998195d74caa9f322aa4524fa8dd,185925,0.0,0.0,0,0.0
288,course-v1:spbu+SOCLAB+spring_2018,e69c3d2f9bf24dc38f26d516ff72dafc,185925,0.0,0.0,0,0.0
288,course-v1:spbu+SOCLAB+spring_2018,96ba5292ebf640ffbe4b303fb1ff5a31,185925,0.0,0.0,0,0.0
288,course-v1:spbu+SOCLAB+spring_2018,6cfbaccd1a0040b387e9a7ed8b4054c7,185925,0.0,0.0,0,0.0
288,course-v1:spbu+SOCLAB+spring_2018,748f4844d7eb4c1ca7ae5d860abdd065,185925,0.0,0.0,0,0.0
288,course-v1:spbu+SOCLAB+spring_2018,b2f78b1f662e4c24952c207d54bf7b9e,185925,0.0,0.0,0,0.0
288,course-v1:spbu+SOCLAB+spring_2018,cd8a29e227c9475fbc37edaa23cfa9d3,185925,0.0,0.0,0,0.0
288,course-v1:spbu+SOCLAB+spring_2018,9ea1c781adf7418ea201dfc2037789c5,185925,0.0,0.0,0,0.0
288,course-v1:spbu+SOCLAB+spring_2018,37128eb7bb69401ea9be1638c29b2865,185925,0.0,0.0,0,0.0
288,course-v1:spbu+SOCLAB+spring_2018,967228d4a2224c9e990c44752e1fd8c9,185925,0.0,0.0,0,0.0
288,course-v1:spbu+SOCLAB+spring_2018,30ae45b00f1d4e7f88ef92437564a6fd,185925,0.0,0.0,0,0.0
288,course-v1:spbu+SOCLAB+spring_2018,1828bcc929d14d6d875e0acbc4c8274d,185925,0.0,0.0,0,0.0
288,course-v1:spbu+SOCLAB+spring_2018,afc0b0da6f7840099a2b04e41c7095f4,185925,0.0,0.0,0,0.0
288,course-v1:spbu+SOCLAB+spring_2018,807a1dcddc7048e7b0fd4116357c6796,185925,0.0,0.0,0,0.0
288,course-v1:spbu+SOCLAB+spring_2018,8d30e64d32f740cebdbff84b90375be8,185925,0.0,0.0,0,0.0
288,course-v1:spbu+SOCLAB+spring_2018,cfd5b0cc8e184b22aee90e03cc383168,185925,0.0,0.0,0,0.0
288,course-v1:spbu+SOCLAB+spring_2018,86c3d90af7b54579870f929880a6f1c3,185925,0.0,0.0,0,0.0
288,course-v1:spbu+SOCLAB+spring_2018,911e79608f9541edb20dd5887ac1e9a8,185925,0.0,0.0,0,0.0
288,course-v1:spbu+SOCLAB+spring_2018,43c190f90262429c9c3c912e16c79233,185925,0.0,0.0,0,0.0
288,course-v1:spbu+SOCLAB+spring_2018,8846cd94c4374878a1bdfc5c3cb5d1e8,185925,0.0,0.0,0,0.0
288,course-v1:spbu+SOCLAB+spring_2018,b442dc12c0a649f1b23173b1833ef380,185925,0.0,0.0,0,0.0
288,course-v1:spbu+SOCLAB+spring_2018,6f18244edbf64f8ab81c1b5378d953f0,185925,0.0,0.0,0,0.0
288,course-v1:spbu+SOCLAB+spring_2018,376d602fdb994d5cb6f8efa7311087ef,185925,0.0,0.0,0,0.0
288,course-v1:spbu+SOCLAB+spring_2018,60bdfe9eac2340b19aefa80bed3df4d9,185925,0.0,0.0,0,0.0
288,course-v1:spbu+SOCLAB+spring_2018,079aad5593e3427dbb753ec869f121a7,185925,0.0,0.0,0,0.0
288,course-v1:spbu+SOCLAB+spring_2018,ff886716bfbf4ee3bda294d0c6f5d95e,185925,0.0,0.0,0,0.0
288,course-v1:spbu+SOCLAB+spring_2018,4a1d9274e3454e30acb5109c58208cb7,185925,0.0,0.0,0,0.0
288,course-v1:spbu+SOCLAB+spring_2018,aa328b4f14cf4af391dd75c92f31db20,185925,0.0,0.0,0,0.0
288,course-v1:spbu+SOCLAB+spring_2018,ad35bbd476b34d0a8ad04254ddafc66e,185925,0.0,0.0,0,0.0
288,course-v1:spbu+SOCLAB+spring_2018,e3c0abd8380d446c8e9a5fb6b15aeefc,259731,0.0,0.0,0,0.0
288,course-v1:spbu+SOCLAB+spring_2018,f04d53579de84074918a985304a22c84,259731,0.0,0.0,0,0.0
288,course-v1:spbu+SOCLAB+spring_2018,6c085a02b1b34426963b93e63d2d4f98,259731,0.0,0.0,0,0.0
288,course-v1:spbu+SOCLAB+spring_2018,061d8a5b581a45dab40b1ca9405ddf5b,259731,0.0,0.0,0,0.0
288,course-v1:spbu+SOCLAB+spring_2018,18c7ee896d6a4944a137a99b37fcd249,259731,0.0,0.0,0,19.978692
288,course-v1:spbu+SOCLAB+spring_2018,96ba5292ebf640ffbe4b303fb1ff5a31,259731,0.0,0.0,0,0.0
288,course-v1:spbu+SOCLAB+spring_2018,e69c3d2f9bf24dc38f26d516ff72dafc,259731,0.0,0.0,0,0.0
288,course-v1:spbu+SOCLAB+spring_2018,cd8a29e227c9475fbc37edaa23cfa9d3,259731,0.0,0.0,0,0.0
288,course-v1:spbu+SOCLAB+spring_2018,1d389a136e47425a8ad238c16cc7b72b,259731,0.0,0.0,0,389.566161
288,course-v1:spbu+SOCLAB+spring_2018,6cfbaccd1a0040b387e9a7ed8b4054c7,259731,0.0,0.0,0,0.0
288,course-v1:spbu+SOCLAB+spring_2018,afc0b0da6f7840099a2b04e41c7095f4,259731,0.0,0.0,0,0.0
288,course-v1:spbu+SOCLAB+spring_2018,9ea1c781adf7418ea201dfc2037789c5,259731,0.0,0.0,0,603.080229
288,course-v1:spbu+SOCLAB+spring_2018,37128eb7bb69401ea9be1638c29b2865,259731,0.0,0.0,0,831.853164
288,course-v1:spbu+SOCLAB+spring_2018,30ae45b00f1d4e7f88ef92437564a6fd,259731,0.0,0.0,0,824.779137
288,course-v1:spbu+SOCLAB+spring_2018,1828bcc929d14d6d875e0acbc4c8274d,259731,0.0,0.0,0,0.0
288,course-v1:spbu+SOCLAB+spring_2018,967228d4a2224c9e990c44752e1fd8c9,259731,0.0,0.0,0,0.0
288,course-v1:spbu+SOCLAB+spring_2018,43c190f90262429c9c3c912e16c79233,259731,0.0,0.0,0,0.0
288,course-v1:spbu+SOCLAB+spring_2018,079aad5593e3427dbb753ec869f121a7,259731,0.0,0.0,0,0.0
288,course-v1:spbu+SOCLAB+spring_2018,8846cd94c4374878a1bdfc5c3cb5d1e8,259731,0.0,0.0,0,741.576784
288,course-v1:spbu+SOCLAB+spring_2018,b442dc12c0a649f1b23173b1833ef380,259731,0.0,0.0,0,1262.951317
288,course-v1:spbu+SOCLAB+spring_2018,376d602fdb994d5cb6f8efa7311087ef,259731,0.0,0.0,0,217.53357300000002
288,course-v1:spbu+SOCLAB+spring_2018,6f18244edbf64f8ab81c1b5378d953f0,259731,0.0,0.0,0,0.0
288,course-v1:spbu+SOCLAB+spring_2018,ff886716bfbf4ee3bda294d0c6f5d95e,259731,0.0,0.0,0,0.0
288,course-v1:spbu+SOCLAB+spring_2018,ad35bbd476b34d0a8ad04254ddafc66e,259731,0.0,0.0,0,0.0
288,course-v1:spbu+SOCLAB+spring_2018,4a1d9274e3454e30acb5109c58208cb7,259731,0.0,0.0,0,0.0
288,course-v1:spbu+SOCLAB+spring_2018,aa328b4f14cf4af391dd75c92f31db20,259731,0.0,0.0,0,0.0
288,course-v1:spbu+SOCLAB+spring_2018,ffc583f1720542a3b2959ae2de6a31aa,259731,0.0,0.0,0,0.0
288,course-v1:spbu+SOCLAB+spring_2018,e3c0abd8380d446c8e9a5fb6b15aeefc,486614,0.0,0.0,0,0.0
288,course-v1:spbu+SOCLAB+spring_2018,f04d53579de84074918a985304a22c84,486614,0.0,0.0,0,94.108429
288,course-v1:spbu+SOCLAB+spring_2018,6c085a02b1b34426963b93e63d2d4f98,486614,0.0,0.0,0,0.0
288,course-v1:spbu+SOCLAB+spring_2018,f5d3ea1438fc4dc399ef4edc441e892f,486614,0.0,0.0,0,0.0
288,course-v1:spbu+SOCLAB+spring_2018,e3c0abd8380d446c8e9a5fb6b15aeefc,350494,0.0,0.0,0,0.0
288,course-v1:spbu+SOCLAB+spring_2018,f04d53579de84074918a985304a22c84,350494,0.0,0.0,0,20.247851
288,course-v1:spbu+SOCLAB+spring_2018,6c085a02b1b34426963b93e63d2d4f98,350494,0.0,0.0,0,0.0
288,course-v1:spbu+SOCLAB+spring_2018,27688ee203c144bb83cff0cceab9a483,350494,0.0,0.0,0,0.0
288,course-v1:spbu+SOCLAB+spring_2018,e69c3d2f9bf24dc38f26d516ff72dafc,350494,0.0,0.0,0,0.0
288,course-v1:spbu+SOCLAB+spring_2018,96ba5292ebf640ffbe4b303fb1ff5a31,350494,0.0,0.0,0,0.0
288,course-v1:spbu+SOCLAB+spring_2018,0dece1c2c32046f8a41548f6ad5de4f2,350494,0.0,0.0,0,0.0
288,course-v1:spbu+SOCLAB+spring_2018,18c7ee896d6a4944a137a99b37fcd249,350494,0.0,0.0,0,692.059591
288,course-v1:spbu+SOCLAB+spring_2018,1d389a136e47425a8ad238c16cc7b72b,350494,0.0,0.0,0,1003.7292130000001
288,course-v1:spbu+SOCLAB+spring_2018,bba8998195d74caa9f322aa4524fa8dd,350494,0.0,0.0,0,502.212563
288,course-v1:spbu+SOCLAB+spring_2018,cd8a29e227c9475fbc37edaa23cfa9d3,350494,0.0,0.0,0,0.0
288,course-v1:spbu+SOCLAB+spring_2018,afc0b0da6f7840099a2b04e41c7095f4,350494,0.0,0.0,0,0.0
288,course-v1:spbu+SOCLAB+spring_2018,1828bcc929d14d6d875e0acbc4c8274d,350494,0.0,0.0,0,0.0
288,course-v1:spbu+SOCLAB+spring_2018,9ea1c781adf7418ea201dfc2037789c5,350494,0.0,0.0,0,700.759827
288,course-v1:spbu+SOCLAB+spring_2018,37128eb7bb69401ea9be1638c29b2865,350494,0.0,0.0,0,984.16119
288,course-v1:spbu+SOCLAB+spring_2018,967228d4a2224c9e990c44752e1fd8c9,350494,0.0,0.0,0,0.0
288,course-v1:spbu+SOCLAB+spring_2018,30ae45b00f1d4e7f88ef92437564a6fd,350494,0.0,0.0,0,1039.736065
288,course-v1:spbu+SOCLAB+spring_2018,911e79608f9541edb20dd5887ac1e9a8,350494,0.0,0.0,0,0.0
288,course-v1:spbu+SOCLAB+spring_2018,807a1dcddc7048e7b0fd4116357c6796,350494,0.0,0.0,0,596.5281560000001
288,course-v1:spbu+SOCLAB+spring_2018,43c190f90262429c9c3c912e16c79233,350494,0.0,0.0,0,0.0
288,course-v1:spbu+SOCLAB+spring_2018,cfd5b0cc8e184b22aee90e03cc383168,350494,0.0,0.0,0,0.0
288,course-v1:spbu+SOCLAB+spring_2018,8d30e64d32f740cebdbff84b90375be8,350494,0.0,0.0,0,1101.158552
288,course-v1:spbu+SOCLAB+spring_2018,86c3d90af7b54579870f929880a6f1c3,350494,0.0,0.0,0,462.66035
288,course-v1:spbu+SOCLAB+spring_2018,60bdfe9eac2340b19aefa80bed3df4d9,350494,0.0,0.0,0,0.0
288,course-v1:spbu+SOCLAB+spring_2018,079aad5593e3427dbb753ec869f121a7,350494,0.0,0.0,0,0.0
288,course-v1:spbu+SOCLAB+spring_2018,8846cd94c4374878a1bdfc5c3cb5d1e8,350494,0.0,0.0,0,682.9554880000001
288,course-v1:spbu+SOCLAB+spring_2018,b442dc12c0a649f1b23173b1833ef380,350494,0.0,0.0,0,863.7234410000001
288,course-v1:spbu+SOCLAB+spring_2018,376d602fdb994d5cb6f8efa7311087ef,350494,0.0,0.0,0,672.792128
288,course-v1:spbu+SOCLAB+spring_2018,ff886716bfbf4ee3bda294d0c6f5d95e,350494,0.0,0.0,0,823.4908310000001
288,course-v1:spbu+SOCLAB+spring_2018,aa328b4f14cf4af391dd75c92f31db20,350494,0.0,0.0,0,0.0
288,course-v1:spbu+SOCLAB+spring_2018,4a1d9274e3454e30acb5109c58208cb7,350494,0.0,0.0,0,12.759104
288,course-v1:spbu+SOCLAB+spring_2018,ffc583f1720542a3b2959ae2de6a31aa,350494,0.0,0.0,0,0.0
288,course-v1:spbu+SOCLAB+spring_2018,e3c0abd8380d446c8e9a5fb6b15aeefc,444404,0.0,0.0,0,0.0
288,course-v1:spbu+SOCLAB+spring_2018,f04d53579de84074918a985304a22c84,444404,0.0,0.0,0,0.0
288,course-v1:spbu+SOCLAB+spring_2018,6c085a02b1b34426963b93e63d2d4f98,444404,0.0,0.0,0,0.0
288,course-v1:spbu+SOCLAB+spring_2018,96ba5292ebf640ffbe4b303fb1ff5a31,444404,0.0,0.0,0,0.0
288,course-v1:spbu+SOCLAB+spring_2018,18c7ee896d6a4944a137a99b37fcd249,444404,0.0,0.0,0,0.0
288,course-v1:spbu+SOCLAB+spring_2018,1d389a136e47425a8ad238c16cc7b72b,444404,0.0,0.0,0,0.0
288,course-v1:spbu+SOCLAB+spring_2018,0dece1c2c32046f8a41548f6ad5de4f2,444404,0.0,0.0,0,0.0
288,course-v1:spbu+SOCLAB+spring_2018,bba8998195d74caa9f322aa4524fa8dd,444404,0.0,0.0,0,0.0
288,course-v1:spbu+SOCLAB+spring_2018,e69c3d2f9bf24dc38f26d516ff72dafc,444404,0.0,0.0,0,0.0
288,course-v1:spbu+SOCLAB+spring_2018,cd8a29e227c9475fbc37edaa23cfa9d3,444404,0.0,0.0,0,0.0
288,course-v1:spbu+SOCLAB+spring_2018,9ea1c781adf7418ea201dfc2037789c5,444404,0.0,0.0,0,0.0
288,course-v1:spbu+SOCLAB+spring_2018,37128eb7bb69401ea9be1638c29b2865,444404,0.0,0.0,0,0.0
288,course-v1:spbu+SOCLAB+spring_2018,967228d4a2224c9e990c44752e1fd8c9,444404,0.0,0.0,0,0.0
288,course-v1:spbu+SOCLAB+spring_2018,30ae45b00f1d4e7f88ef92437564a6fd,444404,0.0,0.0,0,0.0
288,course-v1:spbu+SOCLAB+spring_2018,1828bcc929d14d6d875e0acbc4c8274d,444404,0.0,0.0,0,0.0
288,course-v1:spbu+SOCLAB+spring_2018,afc0b0da6f7840099a2b04e41c7095f4,444404,0.0,0.0,0,0.0
288,course-v1:spbu+SOCLAB+spring_2018,807a1dcddc7048e7b0fd4116357c6796,444404,0.0,0.0,0,0.0
288,course-v1:spbu+SOCLAB+spring_2018,8d30e64d32f740cebdbff84b90375be8,444404,0.0,0.0,0,0.0
288,course-v1:spbu+SOCLAB+spring_2018,cfd5b0cc8e184b22aee90e03cc383168,444404,0.0,0.0,0,0.0
288,course-v1:spbu+SOCLAB+spring_2018,86c3d90af7b54579870f929880a6f1c3,444404,0.0,0.0,0,0.0
288,course-v1:spbu+SOCLAB+spring_2018,911e79608f9541edb20dd5887ac1e9a8,444404,0.0,0.0,0,0.0
288,course-v1:spbu+SOCLAB+spring_2018,43c190f90262429c9c3c912e16c79233,444404,0.0,0.0,0,0.0
288,course-v1:spbu+SOCLAB+spring_2018,8846cd94c4374878a1bdfc5c3cb5d1e8,444404,0.0,0.0,0,0.0
288,course-v1:spbu+SOCLAB+spring_2018,b442dc12c0a649f1b23173b1833ef380,444404,0.0,0.0,0,0.0
288,course-v1:spbu+SOCLAB+spring_2018,6f18244edbf64f8ab81c1b5378d953f0,444404,0.0,0.0,0,0.0
288,course-v1:spbu+SOCLAB+spring_2018,376d602fdb994d5cb6f8efa7311087ef,444404,0.0,0.0,0,0.0
288,course-v1:spbu+SOCLAB+spring_2018,60bdfe9eac2340b19aefa80bed3df4d9,444404,0.0,0.0,0,0.0
288,course-v1:spbu+SOCLAB+spring_2018,079aad5593e3427dbb753ec869f121a7,444404,0.0,0.0,0,0.0
288,course-v1:spbu+SOCLAB+spring_2018,ff886716bfbf4ee3bda294d0c6f5d95e,444404,0.0,0.0,0,0.0
288,course-v1:spbu+SOCLAB+spring_2018,4a1d9274e3454e30acb5109c58208cb7,444404,0.0,0.0,0,0.0
288,course-v1:spbu+SOCLAB+spring_2018,aa328b4f14cf4af391dd75c92f31db20,444404,0.0,0.0,0,0.0
288,course-v1:spbu+SOCLAB+spring_2018,ad35bbd476b34d0a8ad04254ddafc66e,444404,0.0,0.0,0,0.0
288,course-v1:spbu+SOCLAB+spring_2018,ffc583f1720542a3b2959ae2de6a31aa,444404,0.0,0.0,0,0.0
288,course-v1:spbu+SOCLAB+spring_2018,e3c0abd8380d446c8e9a5fb6b15aeefc,467046,0.0,0.0,0,0.0
288,course-v1:spbu+SOCLAB+spring_2018,f04d53579de84074918a985304a22c84,467046,0.0,0.0,0,428.301675
288,course-v1:spbu+SOCLAB+spring_2018,6c085a02b1b34426963b93e63d2d4f98,467046,0.0,0.0,0,0.0
288,course-v1:spbu+SOCLAB+spring_2018,e69c3d2f9bf24dc38f26d516ff72dafc,467046,0.0,0.0,0,0.0
288,course-v1:spbu+SOCLAB+spring_2018,96ba5292ebf640ffbe4b303fb1ff5a31,467046,0.0,0.0,0,0.0
288,course-v1:spbu+SOCLAB+spring_2018,18c7ee896d6a4944a137a99b37fcd249,467046,0.0,0.0,0,1056.7187589999999
288,course-v1:spbu+SOCLAB+spring_2018,1d389a136e47425a8ad238c16cc7b72b,467046,0.0,0.0,0,1542.086376
288,course-v1:spbu+SOCLAB+spring_2018,0dece1c2c32046f8a41548f6ad5de4f2,467046,0.0,0.0,0,0.0
288,course-v1:spbu+SOCLAB+spring_2018,bba8998195d74caa9f322aa4524fa8dd,467046,0.0,0.0,0,770.2761599999999
288,course-v1:spbu+SOCLAB+spring_2018,cd8a29e227c9475fbc37edaa23cfa9d3,467046,0.0,0.0,0,0.0
288,course-v1:spbu+SOCLAB+spring_2018,afc0b0da6f7840099a2b04e41c7095f4,467046,0.0,0.0,0,0.0
288,course-v1:spbu+SOCLAB+spring_2018,e3c0abd8380d446c8e9a5fb6b15aeefc,559616,0.0,0.0,0,0.0
288,course-v1:spbu+SOCLAB+spring_2018,f04d53579de84074918a985304a22c84,559616,0.0,0.0,0,0.0
288,course-v1:spbu+SOCLAB+spring_2018,6c085a02b1b34426963b93e63d2d4f98,559616,0.0,0.0,0,0.0
288,course-v1:spbu+SOCLAB+spring_2018,18c7ee896d6a4944a137a99b37fcd249,559616,0.0,0.0,0,861.645738
288,course-v1:spbu+SOCLAB+spring_2018,1d389a136e47425a8ad238c16cc7b72b,559616,0.0,0.0,0,969.5034129999999
288,course-v1:spbu+SOCLAB+spring_2018,0dece1c2c32046f8a41548f6ad5de4f2,559616,0.0,0.0,0,0.0
288,course-v1:spbu+SOCLAB+spring_2018,bba8998195d74caa9f322aa4524fa8dd,559616,0.0,0.0,0,396.123718
288,course-v1:spbu+SOCLAB+spring_2018,e69c3d2f9bf24dc38f26d516ff72dafc,559616,0.0,0.0,0,0.0
288,course-v1:spbu+SOCLAB+spring_2018,96ba5292ebf640ffbe4b303fb1ff5a31,559616,0.0,0.0,0,0.0
288,course-v1:spbu+SOCLAB+spring_2018,e3c0abd8380d446c8e9a5fb6b15aeefc,554852,0.0,0.0,0,0.0
288,course-v1:spbu+SOCLAB+spring_2018,f04d53579de84074918a985304a22c84,554852,0.0,0.0,0,0.0
288,course-v1:spbu+SOCLAB+spring_2018,6c085a02b1b34426963b93e63d2d4f98,554852,0.0,0.0,0,0.0
288,course-v1:spbu+SOCLAB+spring_2018,e69c3d2f9bf24dc38f26d516ff72dafc,554852,0.0,0.0,0,0.0
288,course-v1:spbu+SOCLAB+spring_2018,bba8998195d74caa9f322aa4524fa8dd,554852,0.0,0.0,0,3.477327
288,course-v1:spbu+SOCLAB+spring_2018,96ba5292ebf640ffbe4b303fb1ff5a31,554852,0.0,0.0,0,0.0
288,course-v1:spbu+SOCLAB+spring_2018,cd8a29e227c9475fbc37edaa23cfa9d3,554852,0.0,0.0,0,0.0
288,course-v1:spbu+SOCLAB+spring_2018,18c7ee896d6a4944a137a99b37fcd249,554852,0.0,0.0,0,0.0
288,course-v1:spbu+SOCLAB+spring_2018,1d389a136e47425a8ad238c16cc7b72b,554852,0.0,0.0,0,0.0
288,course-v1:spbu+SOCLAB+spring_2018,afc0b0da6f7840099a2b04e41c7095f4,554852,0.0,0.0,0,0.0
288,course-v1:spbu+SOCLAB+spring_2018,1828bcc929d14d6d875e0acbc4c8274d,554852,0.0,0.0,0,0.0
288,course-v1:spbu+SOCLAB+spring_2018,967228d4a2224c9e990c44752e1fd8c9,554852,0.0,0.0,0,0.0
288,course-v1:spbu+SOCLAB+spring_2018,0dece1c2c32046f8a41548f6ad5de4f2,554852,0.0,0.0,0,0.0
288,course-v1:spbu+SOCLAB+spring_2018,9ea1c781adf7418ea201dfc2037789c5,554852,0.0,0.0,0,0.0
288,course-v1:spbu+SOCLAB+spring_2018,37128eb7bb69401ea9be1638c29b2865,554852,0.0,0.0,0,0.0
288,course-v1:spbu+SOCLAB+spring_2018,30ae45b00f1d4e7f88ef92437564a6fd,554852,0.0,0.0,0,0.0
288,course-v1:spbu+SOCLAB+spring_2018,e3c0abd8380d446c8e9a5fb6b15aeefc,559517,0.0,0.0,0,0.0
288,course-v1:spbu+SOCLAB+spring_2018,f04d53579de84074918a985304a22c84,559517,0.0,0.0,0,5.234374
288,course-v1:spbu+SOCLAB+spring_2018,6c085a02b1b34426963b93e63d2d4f98,559517,0.0,0.0,0,0.0
288,course-v1:spbu+SOCLAB+spring_2018,911e79608f9541edb20dd5887ac1e9a8,559517,0.0,0.0,0,0.0
288,course-v1:spbu+SOCLAB+spring_2018,43c190f90262429c9c3c912e16c79233,559517,0.0,0.0,0,0.0
288,course-v1:spbu+SOCLAB+spring_2018,cd8a29e227c9475fbc37edaa23cfa9d3,559517,0.0,0.0,0,0.0
288,course-v1:spbu+SOCLAB+spring_2018,9ea1c781adf7418ea201dfc2037789c5,559517,0.0,0.0,0,0.0
288,course-v1:spbu+SOCLAB+spring_2018,37128eb7bb69401ea9be1638c29b2865,559517,0.0,0.0,0,0.0
288,course-v1:spbu+SOCLAB+spring_2018,967228d4a2224c9e990c44752e1fd8c9,559517,0.0,0.0,0,0.0
288,course-v1:spbu+SOCLAB+spring_2018,afc0b0da6f7840099a2b04e41c7095f4,559517,0.0,0.0,0,0.0
288,course-v1:spbu+SOCLAB+spring_2018,807a1dcddc7048e7b0fd4116357c6796,559517,0.0,0.0,0,0.0
288,course-v1:spbu+SOCLAB+spring_2018,86c3d90af7b54579870f929880a6f1c3,559517,0.0,0.0,0,0.0
288,course-v1:spbu+SOCLAB+spring_2018,18c7ee896d6a4944a137a99b37fcd249,559517,0.0,0.0,0,0.0
288,course-v1:spbu+SOCLAB+spring_2018,1d389a136e47425a8ad238c16cc7b72b,559517,0.0,0.0,0,0.0
288,course-v1:spbu+SOCLAB+spring_2018,0dece1c2c32046f8a41548f6ad5de4f2,559517,0.0,0.0,0,0.0
288,course-v1:spbu+SOCLAB+spring_2018,bba8998195d74caa9f322aa4524fa8dd,559517,0.0,0.0,0,0.0
288,course-v1:spbu+SOCLAB+spring_2018,e69c3d2f9bf24dc38f26d516ff72dafc,559517,0.0,0.0,0,0.0
288,course-v1:spbu+SOCLAB+spring_2018,96ba5292ebf640ffbe4b303fb1ff5a31,559517,0.0,0.0,0,0.0
288,course-v1:spbu+SOCLAB+spring_2018,30ae45b00f1d4e7f88ef92437564a6fd,559517,0.0,0.0,0,0.0
288,course-v1:spbu+SOCLAB+spring_2018,1828bcc929d14d6d875e0acbc4c8274d,559517,0.0,0.0,0,0.0
288,course-v1:spbu+SOCLAB+spring_2018,8d30e64d32f740cebdbff84b90375be8,559517,0.0,0.0,0,0.0
288,course-v1:spbu+SOCLAB+spring_2018,cfd5b0cc8e184b22aee90e03cc383168,559517,0.0,0.0,0,0.0
288,course-v1:spbu+SOCLAB+spring_2018,60bdfe9eac2340b19aefa80bed3df4d9,559517,0.0,0.0,0,0.0
288,course-v1:spbu+SOCLAB+spring_2018,376d602fdb994d5cb6f8efa7311087ef,559517,0.0,0.0,0,0.0
288,course-v1:spbu+SOCLAB+spring_2018,079aad5593e3427dbb753ec869f121a7,559517,0.0,0.0,0,0.0
288,course-v1:spbu+SOCLAB+spring_2018,aa328b4f14cf4af391dd75c92f31db20,559517,0.0,0.0,0,0.0
288,course-v1:spbu+SOCLAB+spring_2018,ad35bbd476b34d0a8ad04254ddafc66e,559517,0.0,0.0,0,0.0
288,course-v1:spbu+SOCLAB+spring_2018,ffc583f1720542a3b2959ae2de6a31aa,559517,0.0,0.0,0,0.0
288,course-v1:spbu+SOCLAB+spring_2018,e3c0abd8380d446c8e9a5fb6b15aeefc,583886,0.0,0.0,0,0.0
288,course-v1:spbu+SOCLAB+spring_2018,f04d53579de84074918a985304a22c84,583886,0.0,0.0,0,0.0
288,course-v1:spbu+SOCLAB+spring_2018,6c085a02b1b34426963b93e63d2d4f98,583886,0.0,0.0,0,0.0
288,course-v1:spbu+SOCLAB+spring_2018,27688ee203c144bb83cff0cceab9a483,583886,0.0,0.0,0,0.0
288,course-v1:spbu+SOCLAB+spring_2018,e69c3d2f9bf24dc38f26d516ff72dafc,583886,0.0,0.0,0,0.0
288,course-v1:spbu+SOCLAB+spring_2018,96ba5292ebf640ffbe4b303fb1ff5a31,583886,0.0,0.0,0,0.0
288,course-v1:spbu+SOCLAB+spring_2018,cd8a29e227c9475fbc37edaa23cfa9d3,583886,0.0,0.0,0,0.0
288,course-v1:spbu+SOCLAB+spring_2018,1828bcc929d14d6d875e0acbc4c8274d,583886,0.0,0.0,0,0.0
288,course-v1:spbu+SOCLAB+spring_2018,afc0b0da6f7840099a2b04e41c7095f4,583886,0.0,0.0,0,0.0
288,course-v1:spbu+SOCLAB+spring_2018,911e79608f9541edb20dd5887ac1e9a8,583886,0.0,0.0,0,0.0
288,course-v1:spbu+SOCLAB+spring_2018,43c190f90262429c9c3c912e16c79233,583886,0.0,0.0,0,0.0
288,course-v1:spbu+SOCLAB+spring_2018,807a1dcddc7048e7b0fd4116357c6796,583886,0.0,0.0,0,3.78165
288,course-v1:spbu+SOCLAB+spring_2018,8d30e64d32f740cebdbff84b90375be8,583886,0.0,0.0,0,0.0
288,course-v1:spbu+SOCLAB+spring_2018,cfd5b0cc8e184b22aee90e03cc383168,583886,0.0,0.0,0,0.0
288,course-v1:spbu+SOCLAB+spring_2018,60bdfe9eac2340b19aefa80bed3df4d9,583886,0.0,0.0,0,0.0
288,course-v1:spbu+SOCLAB+spring_2018,079aad5593e3427dbb753ec869f121a7,583886,0.0,0.0,0,0.0
288,course-v1:spbu+SOCLAB+spring_2018,8846cd94c4374878a1bdfc5c3cb5d1e8,583886,0.0,0.0,0,0.0
288,course-v1:spbu+SOCLAB+spring_2018,ffc583f1720542a3b2959ae2de6a31aa,583886,0.0,0.0,0,0.0
288,course-v1:spbu+SOCLAB+spring_2018,ad35bbd476b34d0a8ad04254ddafc66e,583886,0.0,0.0,0,0.0
288,course-v1:spbu+SOCLAB+spring_2018,e3c0abd8380d446c8e9a5fb6b15aeefc,22331,0.0,0.0,0,0.0
288,course-v1:spbu+SOCLAB+spring_2018,f04d53579de84074918a985304a22c84,22331,0.0,0.0,0,399.459226
288,course-v1:spbu+SOCLAB+spring_2018,6c085a02b1b34426963b93e63d2d4f98,22331,0.0,0.0,0,0.0
288,course-v1:spbu+SOCLAB+spring_2018,18c7ee896d6a4944a137a99b37fcd249,22331,0.0,0.0,0,1057.671223
288,course-v1:spbu+SOCLAB+spring_2018,1d389a136e47425a8ad238c16cc7b72b,22331,0.0,0.0,0,1541.2210340000001
288,course-v1:spbu+SOCLAB+spring_2018,0dece1c2c32046f8a41548f6ad5de4f2,22331,0.0,0.0,0,0.0
288,course-v1:spbu+SOCLAB+spring_2018,bba8998195d74caa9f322aa4524fa8dd,22331,0.0,0.0,0,769.068587
288,course-v1:spbu+SOCLAB+spring_2018,e69c3d2f9bf24dc38f26d516ff72dafc,22331,0.0,0.0,0,0.0
288,course-v1:spbu+SOCLAB+spring_2018,96ba5292ebf640ffbe4b303fb1ff5a31,22331,0.0,0.0,0,0.0
288,course-v1:spbu+SOCLAB+spring_2018,cd8a29e227c9475fbc37edaa23cfa9d3,22331,0.0,0.0,0,0.0
288,course-v1:spbu+SOCLAB+spring_2018,9ea1c781adf7418ea201dfc2037789c5,22331,0.0,0.0,0,2123.814179
288,course-v1:spbu+SOCLAB+spring_2018,37128eb7bb69401ea9be1638c29b2865,22331,0.0,0.0,0,1508.829765
288,course-v1:spbu+SOCLAB+spring_2018,967228d4a2224c9e990c44752e1fd8c9,22331,0.0,0.0,0,0.0
288,course-v1:spbu+SOCLAB+spring_2018,30ae45b00f1d4e7f88ef92437564a6fd,22331,0.0,0.0,0,1512.889721
288,course-v1:spbu+SOCLAB+spring_2018,1828bcc929d14d6d875e0acbc4c8274d,22331,0.0,0.0,0,0.0
288,course-v1:spbu+SOCLAB+spring_2018,afc0b0da6f7840099a2b04e41c7095f4,22331,0.0,0.0,0,0.0
288,course-v1:spbu+SOCLAB+spring_2018,807a1dcddc7048e7b0fd4116357c6796,22331,0.0,0.0,0,1081.089723
288,course-v1:spbu+SOCLAB+spring_2018,8d30e64d32f740cebdbff84b90375be8,22331,0.0,0.0,0,1682.2419439999999
288,course-v1:spbu+SOCLAB+spring_2018,cfd5b0cc8e184b22aee90e03cc383168,22331,0.0,0.0,0,0.0
288,course-v1:spbu+SOCLAB+spring_2018,86c3d90af7b54579870f929880a6f1c3,22331,0.0,0.0,0,705.497873
288,course-v1:spbu+SOCLAB+spring_2018,911e79608f9541edb20dd5887ac1e9a8,22331,0.0,0.0,0,0.0
288,course-v1:spbu+SOCLAB+spring_2018,43c190f90262429c9c3c912e16c79233,22331,0.0,0.0,0,0.0
288,course-v1:spbu+SOCLAB+spring_2018,8846cd94c4374878a1bdfc5c3cb5d1e8,22331,0.0,0.0,0,1040.498233
288,course-v1:spbu+SOCLAB+spring_2018,b442dc12c0a649f1b23173b1833ef380,22331,0.0,0.0,0,2326.903735
288,course-v1:spbu+SOCLAB+spring_2018,6f18244edbf64f8ab81c1b5378d953f0,22331,0.0,0.0,0,0.0
288,course-v1:spbu+SOCLAB+spring_2018,376d602fdb994d5cb6f8efa7311087ef,22331,0.0,0.0,0,1041.025237
288,course-v1:spbu+SOCLAB+spring_2018,60bdfe9eac2340b19aefa80bed3df4d9,22331,0.0,0.0,0,0.0
288,course-v1:spbu+SOCLAB+spring_2018,079aad5593e3427dbb753ec869f121a7,22331,0.0,0.0,0,0.0
288,course-v1:spbu+SOCLAB+spring_2018,ff886716bfbf4ee3bda294d0c6f5d95e,22331,0.0,0.0,0,1257.705491
288,course-v1:spbu+SOCLAB+spring_2018,4a1d9274e3454e30acb5109c58208cb7,22331,0.0,0.0,0,700.084778
288,course-v1:spbu+SOCLAB+spring_2018,aa328b4f14cf4af391dd75c92f31db20,22331,0.0,0.0,0,0.0
288,course-v1:spbu+SOCLAB+spring_2018,ad35bbd476b34d0a8ad04254ddafc66e,22331,0.0,0.0,0,0.0
288,course-v1:spbu+SOCLAB+spring_2018,ffc583f1720542a3b2959ae2de6a31aa,22331,0.0,0.0,0,0.0
288,course-v1:spbu+SOCLAB+spring_2018,e3c0abd8380d446c8e9a5fb6b15aeefc,595666,0.0,0.0,0,0.0
288,course-v1:spbu+SOCLAB+spring_2018,f04d53579de84074918a985304a22c84,595666,0.0,0.0,0,405.124054
288,course-v1:spbu+SOCLAB+spring_2018,061d8a5b581a45dab40b1ca9405ddf5b,595666,0.0,0.0,0,2535.4010079999994
288,course-v1:spbu+SOCLAB+spring_2018,6c085a02b1b34426963b93e63d2d4f98,595666,0.0,0.0,0,0.0
288,course-v1:spbu+SOCLAB+spring_2018,e69c3d2f9bf24dc38f26d516ff72dafc,595666,0.0,0.0,0,0.0
288,course-v1:spbu+SOCLAB+spring_2018,96ba5292ebf640ffbe4b303fb1ff5a31,595666,0.0,0.0,0,0.0
288,course-v1:spbu+SOCLAB+spring_2018,18c7ee896d6a4944a137a99b37fcd249,595666,0.0,0.0,0,1050.5971399999999
288,course-v1:spbu+SOCLAB+spring_2018,1d389a136e47425a8ad238c16cc7b72b,595666,0.0,0.0,0,1822.157756
288,course-v1:spbu+SOCLAB+spring_2018,0dece1c2c32046f8a41548f6ad5de4f2,595666,0.0,0.0,0,0.0
288,course-v1:spbu+SOCLAB+spring_2018,bba8998195d74caa9f322aa4524fa8dd,595666,0.0,0.0,0,773.8647289999999
288,course-v1:spbu+SOCLAB+spring_2018,cd8a29e227c9475fbc37edaa23cfa9d3,595666,0.0,0.0,0,0.0
288,course-v1:spbu+SOCLAB+spring_2018,748f4844d7eb4c1ca7ae5d860abdd065,595666,0.0,0.0,0,1003.9559950000005
288,course-v1:spbu+SOCLAB+spring_2018,9ea1c781adf7418ea201dfc2037789c5,595666,0.0,0.0,0,1099.4532639999998
288,course-v1:spbu+SOCLAB+spring_2018,1828bcc929d14d6d875e0acbc4c8274d,595666,0.0,0.0,0,0.0
288,course-v1:spbu+SOCLAB+spring_2018,afc0b0da6f7840099a2b04e41c7095f4,595666,0.0,0.0,0,0.0
288,course-v1:spbu+SOCLAB+spring_2018,967228d4a2224c9e990c44752e1fd8c9,595666,0.0,0.0,0,0.0
288,course-v1:spbu+SOCLAB+spring_2018,37128eb7bb69401ea9be1638c29b2865,595666,0.0,0.0,0,1518.8527669999999
288,course-v1:spbu+SOCLAB+spring_2018,30ae45b00f1d4e7f88ef92437564a6fd,595666,0.0,0.0,0,1513.5865800000001
288,course-v1:spbu+SOCLAB+spring_2018,86c3d90af7b54579870f929880a6f1c3,595666,0.0,0.0,0,0.0
288,course-v1:spbu+SOCLAB+spring_2018,911e79608f9541edb20dd5887ac1e9a8,595666,0.0,0.0,0,0.0
288,course-v1:spbu+SOCLAB+spring_2018,43c190f90262429c9c3c912e16c79233,595666,0.0,0.0,0,0.0
288,course-v1:spbu+SOCLAB+spring_2018,cfd5b0cc8e184b22aee90e03cc383168,595666,0.0,0.0,0,0.0
288,course-v1:spbu+SOCLAB+spring_2018,60bdfe9eac2340b19aefa80bed3df4d9,595666,0.0,0.0,0,0.0
288,course-v1:spbu+SOCLAB+spring_2018,079aad5593e3427dbb753ec869f121a7,595666,0.0,0.0,0,0.0
288,course-v1:spbu+SOCLAB+spring_2018,8846cd94c4374878a1bdfc5c3cb5d1e8,595666,0.0,0.0,0,847.2901
288,course-v1:spbu+SOCLAB+spring_2018,b442dc12c0a649f1b23173b1833ef380,595666,0.0,0.0,0,1326.58919
288,course-v1:spbu+SOCLAB+spring_2018,6f18244edbf64f8ab81c1b5378d953f0,595666,0.0,0.0,0,0.0
288,course-v1:spbu+SOCLAB+spring_2018,376d602fdb994d5cb6f8efa7311087ef,595666,0.0,0.0,0,1040.4987649999998
288,course-v1:spbu+SOCLAB+spring_2018,ff886716bfbf4ee3bda294d0c6f5d95e,595666,0.0,0.0,0,0.0
288,course-v1:spbu+SOCLAB+spring_2018,aa328b4f14cf4af391dd75c92f31db20,595666,0.0,0.0,0,0.0
288,course-v1:spbu+SOCLAB+spring_2018,ad35bbd476b34d0a8ad04254ddafc66e,595666,0.0,0.0,0,0.0
288,course-v1:spbu+SOCLAB+spring_2018,ffc583f1720542a3b2959ae2de6a31aa,595666,0.0,0.0,0,0.0
288,course-v1:spbu+SOCLAB+spring_2018,e3c0abd8380d446c8e9a5fb6b15aeefc,68448,0.0,0.0,0,0.0
288,course-v1:spbu+SOCLAB+spring_2018,f04d53579de84074918a985304a22c84,68448,0.0,0.0,0,0.0
288,course-v1:spbu+SOCLAB+spring_2018,8d30e64d32f740cebdbff84b90375be8,68448,0.0,0.0,0,1425.526562999999
288,course-v1:spbu+SOCLAB+spring_2018,86c3d90af7b54579870f929880a6f1c3,68448,0.0,0.0,0,1214.6379349999997
288,course-v1:spbu+SOCLAB+spring_2018,ff886716bfbf4ee3bda294d0c6f5d95e,68448,0.0,0.0,0,203.873378
288,course-v1:spbu+SOCLAB+spring_2018,6a2492000afc4074b8e4a64c42a08820,68448,0.0,0.0,0,41.914713
288,course-v1:spbu+SOCLAB+spring_2018,fdeba2be3e3f45c3bb8fbd1c01f41d2d,68448,0.0,0.0,0,0.0
288,course-v1:spbu+SOCLAB+spring_2018,939b37206e654f35ae914dd632a9223e,68448,0.0,0.0,0,0.0
288,course-v1:spbu+SOCLAB+spring_2018,e3c0abd8380d446c8e9a5fb6b15aeefc,473125,0.0,0.0,0,0.0
288,course-v1:spbu+SOCLAB+spring_2018,061d8a5b581a45dab40b1ca9405ddf5b,473125,0.0,0.0,0,0.0
288,course-v1:spbu+SOCLAB+spring_2018,e69c3d2f9bf24dc38f26d516ff72dafc,473125,0.0,0.0,0,0.0
288,course-v1:spbu+SOCLAB+spring_2018,96ba5292ebf640ffbe4b303fb1ff5a31,473125,0.0,0.0,0,0.0
288,course-v1:spbu+SOCLAB+spring_2018,0dece1c2c32046f8a41548f6ad5de4f2,473125,0.0,0.0,0,0.0
288,course-v1:spbu+SOCLAB+spring_2018,e3c0abd8380d446c8e9a5fb6b15aeefc,48168,0.0,0.0,0,0.0
288,course-v1:spbu+SOCLAB+spring_2018,b442dc12c0a649f1b23173b1833ef380,48168,0.0,0.0,0,0.0
288,course-v1:spbu+SOCLAB+spring_2018,f04d53579de84074918a985304a22c84,48168,0.0,0.0,0,0.0
288,course-v1:spbu+SOCLAB+spring_2018,c2a53370f5e44301918c551b8bb2f17c,48168,0.0,0.0,0,0.0
288,course-v1:spbu+SOCLAB+spring_2018,6c085a02b1b34426963b93e63d2d4f98,48168,0.0,0.0,0,0.0
288,course-v1:spbu+SOCLAB+spring_2018,18c7ee896d6a4944a137a99b37fcd249,48168,0.0,0.0,0,0.0
288,course-v1:spbu+SOCLAB+spring_2018,9ea1c781adf7418ea201dfc2037789c5,48168,0.0,0.0,0,0.0
288,course-v1:spbu+SOCLAB+spring_2018,807a1dcddc7048e7b0fd4116357c6796,48168,0.0,0.0,0,0.0
288,course-v1:spbu+SOCLAB+spring_2018,8846cd94c4374878a1bdfc5c3cb5d1e8,48168,0.0,0.0,0,0.0
288,course-v1:spbu+SOCLAB+spring_2018,ff886716bfbf4ee3bda294d0c6f5d95e,48168,0.0,0.0,0,0.0
288,course-v1:spbu+SOCLAB+spring_2018,1d389a136e47425a8ad238c16cc7b72b,48168,0.0,0.0,0,0.0
288,course-v1:spbu+SOCLAB+spring_2018,bba8998195d74caa9f322aa4524fa8dd,48168,0.0,0.0,0,0.0
288,course-v1:spbu+SOCLAB+spring_2018,0dece1c2c32046f8a41548f6ad5de4f2,48168,0.0,0.0,0,0.0
288,course-v1:spbu+SOCLAB+spring_2018,e69c3d2f9bf24dc38f26d516ff72dafc,48168,0.0,0.0,0,0.0
288,course-v1:spbu+SOCLAB+spring_2018,96ba5292ebf640ffbe4b303fb1ff5a31,48168,0.0,0.0,0,0.0
288,course-v1:spbu+SOCLAB+spring_2018,748f4844d7eb4c1ca7ae5d860abdd065,48168,0.0,0.0,0,0.0
288,course-v1:spbu+SOCLAB+spring_2018,cd8a29e227c9475fbc37edaa23cfa9d3,48168,0.0,0.0,0,0.0
288,course-v1:spbu+SOCLAB+spring_2018,37128eb7bb69401ea9be1638c29b2865,48168,0.0,0.0,0,0.0
288,course-v1:spbu+SOCLAB+spring_2018,30ae45b00f1d4e7f88ef92437564a6fd,48168,0.0,0.0,0,0.0
288,course-v1:spbu+SOCLAB+spring_2018,967228d4a2224c9e990c44752e1fd8c9,48168,0.0,0.0,0,0.0
288,course-v1:spbu+SOCLAB+spring_2018,1828bcc929d14d6d875e0acbc4c8274d,48168,0.0,0.0,0,0.0
288,course-v1:spbu+SOCLAB+spring_2018,afc0b0da6f7840099a2b04e41c7095f4,48168,0.0,0.0,0,0.0
288,course-v1:spbu+SOCLAB+spring_2018,8d30e64d32f740cebdbff84b90375be8,48168,0.0,0.0,0,0.0
288,course-v1:spbu+SOCLAB+spring_2018,86c3d90af7b54579870f929880a6f1c3,48168,0.0,0.0,0,0.0
288,course-v1:spbu+SOCLAB+spring_2018,cfd5b0cc8e184b22aee90e03cc383168,48168,0.0,0.0,0,0.0
288,course-v1:spbu+SOCLAB+spring_2018,911e79608f9541edb20dd5887ac1e9a8,48168,0.0,0.0,0,0.0
288,course-v1:spbu+SOCLAB+spring_2018,43c190f90262429c9c3c912e16c79233,48168,0.0,0.0,0,0.0
288,course-v1:spbu+SOCLAB+spring_2018,376d602fdb994d5cb6f8efa7311087ef,48168,0.0,0.0,0,0.0
288,course-v1:spbu+SOCLAB+spring_2018,6f18244edbf64f8ab81c1b5378d953f0,48168,0.0,0.0,0,0.0
288,course-v1:spbu+SOCLAB+spring_2018,60bdfe9eac2340b19aefa80bed3df4d9,48168,0.0,0.0,0,0.0
288,course-v1:spbu+SOCLAB+spring_2018,079aad5593e3427dbb753ec869f121a7,48168,0.0,0.0,0,0.0
288,course-v1:spbu+SOCLAB+spring_2018,4a1d9274e3454e30acb5109c58208cb7,48168,0.0,0.0,0,0.0
288,course-v1:spbu+SOCLAB+spring_2018,aa328b4f14cf4af391dd75c92f31db20,48168,0.0,0.0,0,0.0
288,course-v1:spbu+SOCLAB+spring_2018,ad35bbd476b34d0a8ad04254ddafc66e,48168,0.0,0.0,0,0.0
